FID,LAYER,X,Y,Z
"0",cam,35157.870,166963.661,554.507
"1",cam,35155.483,166965.405,554.555
"2",cam,35152.537,166967.098,554.537
"3",cam,35148.474,166969.451,554.590
"4",cam,35146.103,166970.873,554.670
"5",cam,35141.667,166973.277,554.724
"6",cam,35136.030,166976.342,554.888
"7",cam,35130.900,166979.508,555.174
"8",cam,35125.329,166983.029,555.499
"9",cam,35123.559,166984.493,555.763
"10",cam,35121.055,166987.037,556.287
"11",cam,35116.872,166989.129,556.297
"12",cam,35112.210,166991.167,556.668
"13",cam,35106.773,166993.168,557.080
"14",cam,35102.979,166994.394,557.446
"15",cam,35098.598,166995.610,557.894
"16",cam,35092.099,166997.476,558.526
"17",cam,35086.502,166999.247,559.047
"18",cam,35078.023,167002.109,559.699
"19",cam,35071.572,167004.750,559.877
"20",cam,35066.587,167006.759,560.014
"21",cam,35061.929,167008.743,560.165
"22",cam,35054.594,167012.048,560.472
"23",cam,35048.276,167015.084,560.918
"24",cam,35039.361,167019.843,561.286
"25",cam,35032.634,167023.617,561.432
"26",cam,35027.000,167026.953,561.598
"27",cam,35022.323,167029.660,561.712
"28",cam,35014.857,167033.544,561.821
"29",cam,35006.653,167037.974,561.992
"30",cam,34996.343,167042.815,561.818
"31",cam,34990.518,167045.549,561.565
"32",cam,34983.134,167049.624,561.209
"33",cam,34976.953,167053.179,560.858
"34",cam,34969.767,167057.483,560.303
"35",cam,34962.774,167061.808,559.751
"36",cam,34956.792,167065.896,559.244
"37",cam,34951.232,167070.178,558.926
"38",cam,34946.540,167075.009,558.681
"39",cam,34943.829,167078.172,558.392
"40",cam,34940.388,167082.273,558.061
"41",cam,34935.800,167088.078,557.611
"42",cam,34932.254,167092.492,557.295
"43",cam,34927.911,167097.960,556.869
"44",cam,34925.473,167101.075,556.593
"45",cam,34923.441,167103.699,556.436
"46",cam,34920.986,167106.865,556.324
"47",cam,34918.853,167109.473,556.210
"48",cam,34916.703,167112.063,556.057
"49",cam,34914.959,167114.315,555.966
"50",cam,34911.556,167118.327,555.665
"51",cam,34907.916,167122.458,555.463
"52",cam,34902.528,167128.482,555.082
"53",cam,34898.862,167132.797,554.802
"54",cam,34895.342,167137.156,554.641
"55",cam,34892.954,167140.119,554.530
"56",cam,34890.635,167142.659,554.332
"57",cam,34887.590,167146.022,554.121
"58",cam,34884.900,167148.913,553.977
"59",cam,34882.835,167151.377,553.918
"60",cam,34878.764,167156.405,553.678
"61",cam,34876.860,167159.493,553.577
"62",cam,34874.931,167162.858,553.455
"63",cam,34873.673,167165.426,553.411
"64",cam,34871.795,167169.400,553.339
"65",cam,34869.849,167174.361,553.308
"66",cam,34867.428,167180.355,553.259
"67",cam,34865.159,167187.415,553.160
"68",cam,34863.348,167192.917,553.159
"69",cam,34861.451,167198.521,553.248
"70",cam,34860.097,167202.280,553.267
"71",cam,34858.350,167207.237,553.264
"72",cam,34856.140,167212.998,553.364
"73",cam,34853.825,167219.112,553.787
"74",cam,34852.064,167224.886,554.072
"75",cam,34850.733,167229.340,554.448
"76",cam,34849.011,167235.177,554.920
"77",cam,34846.861,167243.281,555.440
"78",cam,34845.148,167250.341,555.929
"79",cam,34843.270,167259.307,556.556
"80",cam,34842.119,167265.356,556.015
"81",cam,34841.187,167272.211,555.299
"82",cam,34840.422,167279.232,554.920
"83",cam,34839.180,167288.092,554.339
"84",cam,34838.858,167295.152,554.192
"85",cam,34838.346,167301.143,554.162
"86",cam,34838.080,167303.554,554.189
"87",cam,34838.480,167304.020,554.265
"88",cam,34838.986,167303.887,554.339
"89",cam,34840.345,167302.502,554.714
"90",cam,34844.181,167298.518,555.362
"91",cam,34847.112,167295.415,555.800
"92",cam,34850.359,167291.910,556.323
"93",cam,34853.262,167288.792,556.724
"94",cam,34858.500,167283.361,557.407
"95",cam,34865.340,167276.132,558.206
"96",cam,34870.716,167270.507,558.922
"97",cam,34873.879,167267.268,559.280
"98",cam,34878.970,167262.120,559.842
"99",cam,34882.576,167258.273,560.211
"100",cam,34887.370,167252.878,560.576
"101",cam,34891.620,167248.455,561.006
"102",cam,34898.641,167241.216,561.715
"103",cam,34902.489,167237.167,562.337
"104",cam,34908.938,167229.963,563.565
"105",cam,34919.525,167218.884,565.824
"106",cam,34924.926,167213.440,567.050
"107",cam,34930.264,167208.225,568.144
"108",cam,34933.105,167205.517,568.627
"109",cam,34937.134,167201.521,569.325
"110",cam,34939.504,167199.151,569.757
"111",cam,34943.043,167195.274,570.500
"112",cam,34946.822,167191.717,570.835
"113",cam,34955.398,167184.069,571.461
"114",cam,34958.680,167181.345,571.515
"115",cam,34962.277,167178.015,571.566
"116",cam,34965.216,167175.656,571.452
"117",cam,34968.968,167172.431,571.419
"118",cam,34973.543,167168.727,571.268
"119",cam,34977.767,167165.138,571.254
"120",cam,34983.186,167160.628,571.264
"121",cam,34989.690,167155.255,571.348
"122",cam,34992.771,167152.644,571.438
"123",cam,34996.307,167149.957,571.712
"124",cam,35000.406,167146.512,572.118
"125",cam,35003.734,167143.836,572.388
"126",cam,35010.236,167138.893,572.627
"127",cam,35016.737,167134.085,572.664
"128",cam,35021.782,167130.496,572.439
"129",cam,35028.723,167125.675,572.096
"130",cam,35033.565,167122.472,571.784
"131",cam,35037.373,167119.696,571.441
"132",cam,35041.096,167117.071,571.239
"133",cam,35045.830,167114.683,571.077
"134",cam,35051.435,167110.379,570.830
"135",cam,35060.181,167104.106,570.338
"136",cam,35070.165,167097.833,569.807
"137",cam,35080.083,167091.080,569.133
"138",cam,35087.186,167086.177,568.614
"139",cam,35091.317,167083.853,568.353
"140",cam,35100.565,167080.901,567.868
"141",cam,35107.512,167079.260,567.226
"142",cam,35127.227,167074.405,563.391
"143",cam,35141.035,167072.149,561.919
"144",cam,35148.170,167070.816,561.693
"145",cam,35156.338,167068.557,561.723
"146",cam,35166.105,167065.533,562.237
"147",cam,35174.269,167063.487,563.277
"148",cam,35180.560,167062.827,564.401
"149",cam,35183.410,167062.305,564.994
"150",cam,35184.931,167064.195,565.526
"151",cam,35185.039,167064.948,565.557
"152",cam,35177.636,167065.938,563.950
"153",cam,35169.675,167067.595,562.800
"154",cam,35160.116,167070.589,561.968
"155",cam,35151.079,167072.697,561.865
"156",cam,35142.988,167074.742,561.976
"157",cam,35133.245,167076.310,562.665
"158",cam,35125.223,167077.608,564.096
"159",cam,35117.536,167079.022,565.670
"160",cam,35108.171,167081.628,567.271
"161",cam,35102.075,167083.484,567.863
"162",cam,35100.573,167087.680,568.667
"163",cam,35101.016,167091.797,569.185
"164",cam,35103.067,167097.636,569.868
"165",cam,35104.840,167102.849,570.180
"166",cam,35106.265,167106.986,570.503
"167",cam,35107.203,167112.721,570.919
"168",cam,35106.960,167117.830,571.236
"169",cam,35105.709,167121.549,571.441
"170",cam,35103.762,167126.137,571.783
"171",cam,35102.059,167130.134,572.120
"172",cam,35099.244,167134.896,572.472
"173",cam,35094.986,167143.272,573.420
"174",cam,35092.935,167146.643,573.869
"175",cam,35096.272,167147.060,573.364
"176",cam,35103.744,167147.408,572.628
"177",cam,35110.765,167147.964,571.999
"178",cam,35116.744,167148.277,571.584
"179",cam,35121.853,167148.346,571.328
"180",cam,35129.882,167148.551,571.105
"181",cam,35134.336,167148.551,570.971
"182",cam,35138.317,167148.486,570.888
"183",cam,35142.287,167148.358,570.711
"184",cam,35145.590,167148.211,570.635
"185",cam,35148.428,167147.865,570.586
"186",cam,35152.531,167147.585,570.511
"187",cam,35155.248,167147.185,570.468
"188",cam,35159.098,167146.706,570.387
"189",cam,35162.429,167146.213,570.318
"190",cam,35166.372,167145.240,570.184
"191",cam,35170.901,167144.175,570.075
"192",cam,35175.001,167142.610,570.037
"193",cam,35178.642,167141.252,570.038
"194",cam,35181.832,167139.700,570.060
"195",cam,35184.086,167138.421,570.043
"196",cam,35186.507,167136.702,570.097
"197",cam,35189.222,167134.271,570.175
"198",cam,35191.868,167131.501,570.327
"199",cam,35193.786,167128.730,570.505
"200",cam,35196.061,167125.678,570.638
"201",cam,35199.590,167120.254,571.035
"202",cam,35202.255,167115.913,571.242
"203",cam,35204.473,167112.024,571.468
"204",cam,35207.010,167107.806,571.746
"205",cam,35208.991,167104.183,571.925
"206",cam,35210.548,167101.507,572.089
"207",cam,35211.560,167099.768,572.187
"208",cam,35213.695,167101.001,572.196
"209",cam,35211.952,167103.841,571.999
"210",cam,35209.542,167108.230,571.794
"211",cam,35206.055,167114.089,571.423
"212",cam,35202.859,167119.465,571.105
"213",cam,35200.898,167122.724,570.950
"214",cam,35198.620,167126.255,570.724
"215",cam,35195.702,167130.477,570.559
"216",cam,35193.318,167133.621,570.395
"217",cam,35191.186,167135.966,570.270
"218",cam,35188.376,167138.457,570.187
"219",cam,35184.878,167141.041,570.156
"220",cam,35181.561,167142.973,570.103
"221",cam,35176.100,167145.491,570.144
"222",cam,35170.785,167146.911,570.177
"223",cam,35166.603,167147.876,570.276
"224",cam,35161.795,167148.824,570.436
"225",cam,35156.834,167149.603,570.542
"226",cam,35151.294,167150.129,570.601
"227",cam,35148.160,167150.443,570.678
"228",cam,35143.414,167150.707,570.751
"229",cam,35137.859,167150.812,570.904
"230",cam,35131.793,167150.893,571.081
"231",cam,35125.893,167150.946,571.292
"232",cam,35119.858,167150.759,571.505
"233",cam,35112.962,167150.425,571.876
"234",cam,35106.122,167150.222,572.375
"235",cam,35096.089,167149.833,573.369
"236",cam,35088.118,167150.486,574.289
"237",cam,35082.812,167152.455,574.811
"238",cam,35080.351,167156.174,575.215
"239",cam,35078.358,167163.846,575.916
"240",cam,35077.386,167170.870,576.366
"241",cam,35076.017,167176.524,576.708
"242",cam,35074.852,167179.811,576.828
"243",cam,35075.714,167179.262,576.787
"244",cam,35077.564,167178.380,576.758
"245",cam,35080.190,167178.315,576.723
"246",cam,35084.192,167179.456,576.594
"247",cam,35087.592,167180.876,576.382
"248",cam,35093.595,167183.221,576.163
"249",cam,35099.340,167185.545,575.941
"250",cam,35103.623,167187.008,575.880
"251",cam,35111.658,167189.003,575.842
"252",cam,35117.414,167189.833,575.914
"253",cam,35126.303,167190.578,576.027
"254",cam,35135.649,167190.341,576.114
"255",cam,35146.264,167190.273,576.303
"256",cam,35156.558,167190.256,576.463
"257",cam,35164.211,167190.171,576.581
"258",cam,35169.651,167189.332,576.607
"259",cam,35175.810,167188.392,576.664
"260",cam,35181.617,167187.308,576.602
"261",cam,35191.020,167184.491,576.668
"262",cam,35191.403,167186.022,576.655
"263",cam,35186.507,167188.210,576.709
"264",cam,35182.323,167189.605,576.694
"265",cam,35175.924,167190.097,576.753
"266",cam,35171.521,167190.890,576.638
"267",cam,35169.661,167191.930,576.745
"268",cam,35169.196,167193.324,576.947
"269",cam,35169.688,167194.610,577.147
"270",cam,35171.357,167196.442,577.476
"271",cam,35173.025,167198.548,577.800
"272",cam,35174.405,167201.461,578.165
"273",cam,35171.588,167202.583,578.117
"274",cam,35169.729,167199.820,577.727
"275",cam,35167.349,167196.402,577.290
"276",cam,35165.187,167194.397,576.786
"277",cam,35163.020,167193.669,576.699
"278",cam,35160.531,167193.263,576.683
"279",cam,35157.128,167193.246,576.721
"280",cam,35152.878,167193.381,576.647
"281",cam,35146.225,167193.432,576.499
"282",cam,35140.011,167193.551,576.405
"283",cam,35135.745,167193.449,576.361
"284",cam,35129.988,167193.297,576.285
"285",cam,35122.031,167193.229,576.137
"286",cam,35116.410,167192.924,576.149
"287",cam,35109.925,167191.993,576.101
"288",cam,35106.070,167190.829,576.130
"289",cam,35102.938,167189.813,576.140
"290",cam,35098.739,167188.222,576.199
"291",cam,35094.304,167186.326,576.299
"292",cam,35088.750,167184.277,576.487
"293",cam,35083.211,167182.395,576.736
"294",cam,35077.827,167181.921,576.901
"295",cam,35074.883,167182.084,577.021
"296",cam,35073.312,167183.440,577.080
"297",cam,35072.157,167185.952,577.219
"298",cam,35070.522,167189.861,577.534
"299",cam,35068.098,167195.249,577.673
"300",cam,35066.032,167199.837,577.753
"301",cam,35063.967,167203.748,577.781
"302",cam,35061.681,167208.996,577.726
"303",cam,35059.322,167214.117,577.674
"304",cam,35056.499,167220.093,577.524
"305",cam,35058.999,167221.674,577.673
"306",cam,35063.587,167222.995,577.689
"307",cam,35062.370,167225.046,577.671
"308",cam,35057.887,167223.968,577.663
"309",cam,35055.906,167223.864,577.567
"310",cam,35054.620,167224.767,577.387
"311",cam,35051.491,167231.858,577.120
"312",cam,35048.050,167238.427,576.721
"313",cam,35043.845,167245.587,576.239
"314",cam,35041.307,167249.654,575.932
"315",cam,35039.209,167252.889,575.694
"316",cam,35036.568,167256.157,575.430
"317",cam,35034.604,167258.087,575.142
"318",cam,35035.383,167258.663,575.129
"319",cam,35038.532,167259.543,575.201
"320",cam,35037.635,167261.829,574.951
"321",cam,35034.960,167261.355,574.891
"322",cam,35033.131,167261.185,574.794
"323",cam,35031.133,167261.134,574.625
"324",cam,35028.306,167261.896,574.402
"325",cam,35024.158,167263.471,574.098
"326",cam,35020.696,167264.581,573.613
"327",cam,35016.412,167266.122,573.180
"328",cam,35011.570,167267.459,572.861
"329",cam,35007.337,167268.255,572.546
"330",cam,35003.917,167268.458,572.233
"331",cam,34997.839,167268.306,571.545
"332",cam,34992.608,167267.832,571.038
"333",cam,34987.025,167266.998,570.536
"334",cam,34981.320,167265.914,570.031
"335",cam,34977.222,167264.898,569.762
"336",cam,34971.872,167263.594,569.539
"337",cam,34968.300,167262.731,569.389
"338",cam,34965.151,167262.003,569.236
"339",cam,34961.985,167261.512,569.005
"340",cam,34959.630,167261.419,568.809
"341",cam,34957.764,167261.450,568.631
"342",cam,34955.186,167261.838,568.423
"343",cam,34952.377,167262.477,568.167
"344",cam,34950.165,167263.242,567.930
"345",cam,34947.576,167264.332,567.606
"346",cam,34944.484,167265.684,567.252
"347",cam,34941.193,167267.257,566.869
"348",cam,34937.346,167269.018,566.431
"349",cam,34933.422,167270.858,565.937
"350",cam,34931.011,167271.870,565.637
"351",cam,34927.632,167273.424,565.240
"352",cam,34925.034,167274.430,564.929
"353",cam,34922.766,167275.370,564.636
"354",cam,34919.421,167276.643,564.243
"355",cam,34916.157,167277.669,563.726
"356",cam,34912.094,167278.947,563.136
"357",cam,34908.338,167280.120,562.641
"358",cam,34899.943,167283.045,561.635
"359",cam,34891.291,167286.096,560.789
"360",cam,34881.883,167290.390,559.456
"361",cam,34875.484,167293.644,558.734
"362",cam,34870.972,167295.668,558.217
"363",cam,34865.967,167297.910,557.521
"364",cam,34861.006,167300.130,556.877
"365",cam,34856.773,167301.976,556.384
"366",cam,34849.251,167305.244,555.419
"367",cam,34843.443,167307.444,554.665
"368",cam,34839.465,167308.985,554.063
"369",cam,34837.822,167309.984,553.886
"370",cam,34836.773,167311.423,553.804
"371",cam,34836.148,167313.494,553.783
"372",cam,34835.828,167315.199,553.676
"373",cam,34835.748,167318.303,553.706
"374",cam,34835.641,167321.420,553.753
"375",cam,34835.322,167324.218,553.509
"376",cam,34835.308,167327.348,553.427
"377",cam,34835.189,167331.371,553.416
"378",cam,34834.975,167334.555,553.293
"379",cam,34834.829,167337.819,553.206
"380",cam,34834.789,167341.176,552.986
"381",cam,34834.789,167343.187,552.852
"382",cam,34832.271,167343.227,552.881
"383",cam,34832.538,167338.205,553.107
"384",cam,34832.471,167334.222,553.251
"385",cam,34832.618,167330.452,553.293
"386",cam,34832.777,167327.468,553.338
"387",cam,34832.711,167324.471,553.406
"388",cam,34832.831,167321.141,553.493
"389",cam,34832.977,167316.225,553.628
"390",cam,34833.310,167313.454,553.684
"391",cam,34833.417,167311.443,553.757
"392",cam,34833.896,167308.405,553.865
"393",cam,34834.044,167306.458,553.964
"394",cam,34834.497,167301.489,554.032
"395",cam,34835.296,167296.867,554.057
"396",cam,34835.869,167292.524,554.081
"397",cam,34835.669,167290.819,554.122
"398",cam,34835.155,167289.135,554.121
"399",cam,34833.970,167287.239,554.116
"400",cam,34832.057,167285.546,554.096
"401",cam,34829.162,167284.073,554.029
"402",cam,34822.440,167279.823,553.781
"403",cam,34823.591,167277.859,553.679
"404",cam,34832.311,167282.058,554.158
"405",cam,34834.529,167281.821,554.293
"406",cam,34835.782,167280.839,554.476
"407",cam,34837.627,167278.265,554.632
"408",cam,34838.239,167275.493,554.851
"409",cam,34838.776,167272.237,555.143
"410",cam,34839.608,167264.772,555.918
"411",cam,34840.725,167259.489,556.344
"412",cam,34841.843,167254.698,556.145
"413",cam,34843.950,167246.252,555.642
"414",cam,34845.068,167241.748,555.396
"415",cam,34846.340,167237.321,555.096
"416",cam,34847.430,167233.296,554.744
"417",cam,34848.573,167229.376,554.429
"418",cam,34849.621,167225.865,554.116
"419",cam,34850.575,167222.584,553.931
"420",cam,34851.633,167219.241,553.738
"421",cam,34852.870,167215.331,553.503
"422",cam,34854.055,167211.705,553.296
"423",cam,34855.673,167206.580,553.184
"424",cam,34857.631,167201.407,553.187
"425",cam,34858.688,167198.732,553.162
"426",cam,34860.060,167195.135,553.123
"427",cam,34861.259,167191.832,553.039
"428",cam,34862.312,167188.075,553.115
"429",cam,34863.364,167184.785,553.115
"430",cam,34864.470,167181.308,553.171
"431",cam,34865.948,167177.365,553.269
"432",cam,34868.666,167170.890,553.224
"433",cam,34870.584,167166.814,553.265
"434",cam,34872.716,167162.271,553.428
"435",cam,34874.914,167158.235,553.497
"436",cam,34877.804,167154.119,553.575
"437",cam,34881.921,167149.057,553.867
"438",cam,34885.424,167145.087,554.007
"439",cam,34887.129,167143.209,554.053
"440",cam,34890.566,167139.039,554.329
"441",cam,34893.044,167136.308,554.438
"442",cam,34896.481,167132.258,554.675
"443",cam,34899.172,167128.981,554.810
"444",cam,34901.210,167126.677,554.947
"445",cam,34904.074,167123.333,555.163
"446",cam,34906.925,167120.096,555.296
"447",cam,34909.762,167117.045,555.460
"448",cam,34912.533,167113.795,555.786
"449",cam,34917.622,167107.574,556.193
"450",cam,34921.259,167102.858,556.441
"451",cam,34925.816,167097.249,556.853
"452",cam,34929.156,167093.101,557.163
"453",cam,34931.936,167089.489,557.433
"454",cam,34936.749,167083.217,557.888
"455",cam,34941.372,167077.155,558.261
"456",cam,34941.493,167075.839,558.356
"457",cam,34940.155,167075.128,558.531
"458",cam,34935.923,167073.655,558.132
"459",cam,34930.962,167072.267,557.346
"460",cam,34931.521,167070.134,557.532
"461",cam,34936.278,167071.302,558.146
"462",cam,34940.155,167071.133,558.538
"463",cam,34942.898,167069.795,558.632
"464",cam,34944.710,167069.016,558.641
"465",cam,34947.740,167067.323,558.735
"466",cam,34951.668,167066.240,558.979
"467",cam,34954.597,167063.734,559.168
"468",cam,34957.679,167061.584,559.402
"469",cam,34963.283,167058.011,559.852
"470",cam,34969.750,167054.202,560.445
"471",cam,34976.709,167049.969,560.894
"472",cam,34984.598,167045.517,561.380
"473",cam,34991.879,167041.809,561.661
"474",cam,34998.752,167038.118,561.851
"475",cam,35006.119,167034.040,561.895
"476",cam,35009.143,167032.041,561.830
"477",cam,35009.889,167030.203,561.653
"478",cam,35009.649,167028.391,561.469
"479",cam,35009.342,167027.512,561.418
"480",cam,35008.197,167026.020,561.342
"481",cam,35007.011,167024.461,561.265
"482",cam,35005.892,167023.023,561.148
"483",cam,35007.344,167022.183,561.179
"484",cam,35010.448,167025.274,561.455
"485",cam,35012.073,167026.979,561.628
"486",cam,35013.405,167028.231,561.690
"487",cam,35014.484,167029.004,561.713
"488",cam,35016.349,167028.271,561.704
"489",cam,35020.399,167026.220,561.696
"490",cam,35024.462,167023.982,561.714
"491",cam,35027.593,167022.583,561.573
"492",cam,35031.389,167020.731,561.424
"493",cam,35034.147,167019.346,561.354
"494",cam,35037.517,167017.414,561.314
"495",cam,35041.260,167015.523,561.214
"496",cam,35044.924,167013.498,561.107
"497",cam,35048.654,167011.606,560.857
"498",cam,35053.116,167009.195,560.655
"499",cam,35057.566,167007.330,560.371
"500",cam,35062.228,167005.798,560.131
"501",cam,35066.837,167004.293,559.956
"502",cam,35071.287,167002.428,559.790
"503",cam,35076.416,167000.443,559.697
"504",cam,35083.915,166997.619,559.151
"505",cam,35087.859,166996.287,558.889
"506",cam,35094.626,166994.009,558.312
"507",cam,35101.833,166991.971,557.619
"508",cam,35107.987,166990.132,557.018
"509",cam,35113.169,166988.107,556.488
"510",cam,35116.686,166986.722,556.094
"511",cam,35119.537,166984.564,555.867
"512",cam,35120.083,166983.538,555.890
"513",cam,35120.336,166981.540,555.871
"514",cam,35120.030,166979.502,555.694
"515",cam,35119.697,166978.156,555.496
"516",cam,35121.522,166977.464,555.424
"517",cam,35122.188,166979.035,555.583
"518",cam,35122.721,166980.647,555.693
"519",cam,35123.067,166982.113,555.603
"520",cam,35125.292,166980.434,555.377
"521",cam,35127.450,166978.942,555.196
"522",cam,35130.315,166977.081,555.033
"523",cam,35133.672,166975.163,554.900
"524",cam,35137.402,166973.004,554.757
"525",cam,35141.891,166970.553,554.624
"526",cam,35145.634,166968.435,554.560
"527",cam,35149.764,166965.957,554.591
"528",cam,35154.027,166963.653,554.432
"529",cam,35156.824,166961.122,554.478
"530",pc,34849.383,167284.536,556.596
"531",cam,34842.549,167300.150,555.190
"532",cam,34842.686,167296.650,555.794
"533",cam,34842.959,167291.207,556.006
"534",cam,34843.397,167286.093,556.154
"535",cam,34843.998,167281.089,556.343
"536",cam,34844.354,167276.166,556.548
"537",cam,34844.682,167270.833,556.770
"538",cam,34845.366,167266.512,556.932
"539",cam,34846.296,167261.289,557.150
"540",cam,34847.608,167254.616,557.189
"541",cam,34849.058,167249.529,557.082
"542",cam,34850.808,167246.439,556.982
"543",cam,34852.449,167244.251,556.803
"544",cam,34854.391,167244.032,556.772
"545",cam,34857.536,167244.825,556.977
"546",cam,34862.075,167246.439,557.385
"547",cam,34868.229,167249.064,558.131
"548",cam,34874.847,167251.990,559.139
"549",cam,34881.137,167254.233,560.007
"550",cam,34883.981,167255.874,560.361
"551",pc,34874.984,167244.005,558.503
"552",cam,34885.977,167253.795,560.537
"553",cam,34881.711,167252.811,559.987
"554",cam,34873.808,167249.748,558.799
"555",cam,34865.439,167246.302,557.652
"556",cam,34860.380,167244.114,557.114
"557",cam,34854.281,167241.954,556.658
"558",cam,34851.984,167241.051,556.579
"559",cam,34853.078,167237.004,556.259
"560",cam,34854.008,167233.202,556.040
"561",cam,34855.813,167227.459,555.603
"562",cam,34857.590,167221.798,555.328
"563",cam,34858.465,167218.243,555.228
"564",cam,34859.833,167214.387,555.041
"565",cam,34861.200,167209.929,554.795
"566",cam,34863.115,167205.089,554.773
"567",cam,34864.905,167200.601,554.785
"568",cam,34866.817,167195.492,554.616
"569",cam,34868.798,167190.765,554.581
"570",cam,34870.675,167185.169,554.631
"571",cam,34872.552,167180.511,554.938
"572",cam,34874.151,167175.923,555.138
"573",cam,34875.958,167172.031,555.352
"574",cam,34877.036,167168.416,555.409
"575",cam,34878.287,167165.114,555.532
"576",cam,34880.407,167161.708,555.666
"577",cam,34882.284,167158.475,555.791
"578",cam,34884.126,167156.112,555.893
"579",cam,34888.166,167151.756,556.255
"580",cam,34891.468,167147.654,556.416
"581",cam,34894.387,167144.248,556.557
"582",cam,34897.569,167141.027,556.734
"583",cam,34901.206,167136.706,556.887
"584",cam,34904.980,167132.467,557.190
"585",cam,34908.043,167129.131,557.378
"586",cam,34910.805,167125.138,557.583
"587",cam,34914.497,167121.009,557.774
"588",cam,34915.865,167118.766,557.807
"589",cam,34919.584,167114.828,558.023
"590",cam,34922.674,167111.081,558.184
"591",cam,34925.436,167107.389,558.221
"592",cam,34928.910,167103.232,558.571
"593",cam,34933.313,167098.337,559.045
"594",cam,34937.114,167093.278,559.487
"595",cam,34939.958,167089.750,559.851
"596",cam,34942.255,167086.441,560.099
"597",cam,34945.483,167082.475,560.475
"598",cam,34949.311,167078.400,560.710
"599",cam,34952.292,167075.091,560.826
"600",cam,34956.039,167071.810,561.121
"601",cam,34960.743,167068.747,561.515
"602",cam,34964.544,167066.094,561.829
"603",cam,34968.122,167063.693,562.060
"604",cam,34969.887,167063.392,562.243
"605",cam,34972.749,167064.640,562.600
"606",cam,34976.729,167066.770,563.254
"607",cam,34986.434,167071.762,564.685
"608",cam,34992.975,167075.205,565.451
"609",cam,35000.507,167078.691,566.252
"610",cam,35005.477,167080.972,566.682
"611",cam,35010.964,167083.855,567.306
"612",cam,35018.194,167087.147,567.960
"613",cam,35024.327,167090.009,568.581
"614",cam,35029.728,167092.871,568.810
"615",cam,35035.301,167095.582,568.967
"616",cam,35041.449,167098.544,569.260
"617",cam,35048.170,167101.862,569.663
"618",cam,35053.726,167104.572,570.238
"619",cam,35056.605,167106.463,570.523
"620",pc,35051.966,167096.846,569.359
"621",cam,35058.789,167104.448,570.409
"622",cam,35054.963,167102.772,570.128
"623",cam,35050.459,167100.774,569.666
"624",cam,35045.803,167098.404,569.297
"625",cam,35041.537,167096.440,569.083
"626",cam,35036.203,167093.629,568.876
"627",cam,35031.429,167091.225,568.674
"628",cam,35026.739,167088.939,568.525
"629",cam,35022.049,167086.620,568.029
"630",cam,35017.817,167084.521,567.626
"631",cam,35014.126,167082.777,567.274
"632",cam,35007.794,167079.848,566.658
"633",cam,35003.476,167077.884,566.277
"634",cam,34998.668,167075.598,565.843
"635",cam,34995.807,167074.040,565.512
"636",cam,34991.574,167072.093,565.098
"637",cam,34988.899,167070.722,564.842
"638",cam,34985.598,167069.181,564.323
"639",cam,34981.873,167067.251,563.772
"640",cam,34978.063,167065.270,563.193
"641",cam,34977.019,167063.577,563.009
"642",cam,34976.180,167061.403,562.715
"643",cam,34976.202,167059.316,562.616
"644",cam,34976.761,167058.542,562.673
"645",cam,34979.817,167057.014,562.893
"646",cam,34983.625,167054.797,563.030
"647",cam,34988.015,167052.022,563.052
"648",cam,34990.619,167050.494,563.058
"649",cam,34995.611,167047.998,563.008
"650",cam,35000.280,167045.609,563.007
"651",cam,35005.423,167043.457,563.010
"652",cam,35010.415,167041.155,563.032
"653",cam,35015.472,167038.487,563.074
"654",cam,35018.893,167036.593,562.964
"655",cam,35025.974,167032.797,562.975
"656",cam,35034.588,167028.148,562.836
"657",cam,35042.027,167023.909,562.679
"658",cam,35048.481,167020.654,562.598
"659",cam,35058.928,167015.212,562.043
"660",cam,35066.028,167012.526,561.690
"661",cam,35069.600,167010.664,561.442
"662",cam,35073.477,167009.106,561.238
"663",cam,35077.439,167007.210,560.866
"664",cam,35082.603,167004.670,560.498
"665",cam,35087.276,167003.028,560.299
"666",cam,35089.917,167002.300,560.219
"667",cam,35093.134,167001.454,560.106
"668",cam,35096.452,167001.819,559.803
"669",cam,35097.910,167004.735,559.516
"670",cam,35099.854,167010.522,559.579
"671",cam,35100.958,167018.341,560.126
"672",cam,35103.167,167027.618,560.838
"673",cam,35105.155,167037.380,561.848
"674",cam,35106.922,167045.420,562.815
"675",cam,35108.865,167053.548,563.685
"676",cam,35110.669,167062.906,565.011
"677",cam,35112.994,167070.564,565.425
"678",cam,35114.498,167075.295,565.616
"679",pc,35125.876,167066.015,562.461
"680",cam,35118.047,167075.129,565.135
"681",cam,35116.309,167070.715,564.738
"682",cam,35114.085,167064.458,564.433
"683",cam,35111.895,167057.333,563.759
"684",cam,35110.435,167051.285,563.133
"685",cam,35108.975,167045.307,562.494
"686",cam,35107.794,167039.502,561.798
"687",cam,35106.438,167033.559,561.178
"688",cam,35104.770,167027.441,560.732
"689",cam,35103.240,167019.030,560.048
"690",cam,35102.198,167013.538,559.789
"691",cam,35101.120,167008.116,559.551
"692",cam,35100.355,167003.806,559.511
"693",cam,35099.591,167000.574,559.611
"694",cam,35099.382,166999.253,559.574
"695",cam,35101.120,166998.315,559.382
"696",cam,35105.917,166996.959,558.942
"697",cam,35113.807,166995.082,558.470
"698",cam,35115.973,166994.667,558.323
"699",pc,35045.314,167129.220,572.557
"700",cam,34995.669,167263.271,571.802
"701",cam,34997.372,167265.044,571.742
"702",cam,34999.388,167265.739,571.723
"703",cam,35002.586,167265.773,572.182
"704",cam,35006.687,167265.634,572.594
"705",cam,35011.518,167264.870,572.939
"706",cam,35015.133,167263.862,573.230
"707",cam,35019.756,167262.263,573.637
"708",cam,35024.691,167260.560,574.143
"709",cam,35029.420,167258.358,574.609
"710",cam,35032.596,167256.177,575.035
"711",cam,35034.766,167254.354,575.300
"712",cam,35036.694,167252.163,575.543
"713",cam,35038.744,167249.054,575.819
"714",cam,35040.632,167246.102,576.008
"715",cam,35042.646,167242.681,576.226
"716",cam,35043.877,167240.567,576.342
"717",cam,35046.048,167236.502,576.579
"718",cam,35047.646,167233.198,576.833
"719",cam,35049.125,167229.854,577.052
"720",cam,35050.466,167226.594,577.221
"721",cam,35053.001,167220.976,577.463
"722",cam,35055.141,167215.601,577.574
"723",cam,35057.107,167210.353,577.580
"724",cam,35059.872,167204.776,577.628
"725",cam,35062.202,167199.950,577.586
"726",cam,35065.053,167193.970,577.420
"727",cam,35067.040,167189.815,577.340
"728",cam,35069.252,167184.993,577.182
"729",cam,35072.863,167177.275,576.759
"730",cam,35073.828,167174.176,576.558
"731",cam,35074.810,167171.637,576.395
"732",cam,35074.997,167168.708,576.301
"733",cam,35075.425,167165.093,576.109
"734",cam,35075.617,167161.181,575.805
"735",cam,35075.453,167158.282,575.486
"736",cam,35075.398,167154.673,575.337
"737",cam,35074.988,167151.965,575.313
"738",cam,35073.402,167149.859,575.201
"739",cam,35071.187,167148.246,575.140
"740",cam,35069.108,167146.386,575.108
"741",cam,35067.166,167143.815,574.950
"742",cam,35065.608,167141.135,574.682
"743",cam,35064.486,167138.674,574.401
"744",cam,35063.215,167135.806,574.066
"745",cam,35061.537,167132.182,573.419
"746",cam,35060.378,167129.914,573.190
"747",cam,35059.215,167127.251,572.793
"748",cam,35058.166,167125.197,572.472
"749",cam,35056.720,167122.912,572.122
"750",cam,35055.347,167121.067,571.803
"751",cam,35054.414,167120.093,571.649
"752",cam,35053.261,167119.181,571.536
"753",cam,35051.668,167118.300,571.433
"754",cam,35049.519,167117.598,571.319
"755",cam,35047.674,167117.483,571.295
"756",cam,35045.295,167117.975,571.299
"757",cam,35043.482,167118.782,571.302
"758",cam,35041.637,167119.904,571.425
"759",cam,35039.006,167121.654,571.576
"760",cam,35036.816,167123.426,571.770
"761",cam,35032.529,167126.298,572.064
"762",cam,35028.525,167129.065,572.402
"763",cam,35025.078,167131.329,572.562
"764",cam,35022.454,167133.034,572.670
"765",cam,35019.430,167135.272,572.875
"766",cam,35016.193,167137.643,572.821
"767",cam,35013.529,167139.628,572.800
"768",cam,35011.597,167141.187,572.781
"769",cam,35008.293,167143.585,572.694
"770",cam,35005.496,167145.676,572.570
"771",cam,35002.818,167147.794,572.385
"772",cam,34999.977,167150.116,572.165
"773",cam,34996.489,167152.960,571.858
"774",cam,34993.086,167155.669,571.609
"775",cam,34989.219,167158.664,571.468
"776",cam,34986.914,167160.571,571.428
"777",cam,34984.230,167162.688,571.437
"778",cam,34981.641,167164.963,571.498
"779",cam,34978.801,167167.384,571.498
"780",cam,34975.784,167169.873,571.497
"781",cam,34973.866,167171.477,571.569
"782",cam,34971.665,167173.311,571.625
"783",cam,34969.495,167175.135,571.670
"784",cam,34966.436,167177.606,571.688
"785",cam,34964.291,167179.324,571.757
"786",cam,34962.653,167180.816,571.706
"787",cam,34960.148,167183.028,571.711
"788",cam,34958.456,167184.586,571.702
"789",cam,34954.059,167188.635,571.503
"790",cam,34951.421,167191.113,571.320
"791",cam,34948.677,167193.431,571.068
"792",cam,34945.640,167196.202,570.790
"793",cam,34942.834,167199.021,570.151
"794",cam,34940.902,167201.273,569.808
"795",cam,34938.731,167203.404,569.392
"796",cam,34935.813,167206.255,568.860
"797",cam,34933.655,167208.413,568.480
"798",cam,34930.605,167211.506,567.934
"799",cam,34927.033,167214.977,567.195
"800",cam,34922.360,167219.599,566.108
"801",cam,34919.753,167222.410,565.543
"802",cam,34917.636,167224.814,565.062
"803",cam,34913.996,167228.708,564.332
"804",cam,34910.966,167232.026,563.752
"805",cam,34907.461,167235.785,563.077
"806",cam,34903.855,167239.425,562.383
"807",cam,34900.502,167242.947,561.874
"808",cam,34898.369,167245.114,561.597
"809",cam,34895.609,167247.924,561.235
"810",cam,34893.662,167250.065,561.037
"811",cam,34891.671,167252.067,560.847
"812",cam,34890.266,167253.471,560.724
"813",cam,34887.740,167256.207,560.591
"814",cam,34885.707,167258.356,560.447
"815",cam,34883.872,167260.232,560.298
"816",cam,34882.311,167261.804,560.134
"817",cam,34881.189,167263.083,560.023
"818",cam,34879.428,167265.137,559.885
"819",cam,34877.645,167266.776,559.555
"820",cam,34874.940,167269.669,559.292
"821",cam,34873.600,167271.086,559.138
"822",cam,34871.357,167273.413,558.836
"823",cam,34869.418,167275.404,558.586
"824",cam,34866.420,167278.601,558.270
"825",cam,34863.873,167281.221,557.991
"826",cam,34861.509,167283.659,557.709
"827",cam,34859.307,167285.935,557.424
"828",cam,34856.482,167288.920,557.095
"829",cam,34854.187,167291.488,556.820
"830",cam,34852.420,167293.300,556.550
"831",cam,34850.287,167295.450,556.183
"832",cam,34847.903,167298.073,555.858
"833",cam,34846.287,167299.764,555.584
"834",cam,34845.050,167301.075,555.314
"835",cam,34844.612,167301.879,555.150
"836",cam,34845.074,167301.937,555.233
"837",cam,34847.202,167300.790,555.622
"838",cam,34851.300,167298.993,556.188
"839",cam,34854.830,167297.294,556.671
"840",cam,34859.754,167295.166,557.233
"841",cam,34863.745,167293.409,557.718
"842",cam,34867.918,167291.661,558.191
"843",cam,34872.908,167289.558,558.784
"844",cam,34877.996,167287.216,559.447
"845",cam,34883.101,167284.997,560.101
"846",cam,34887.340,167283.175,560.675
"847",cam,34892.618,167280.964,561.275
"848",cam,34897.987,167279.002,561.850
"849",cam,34903.199,167277.064,562.403
"850",cam,34905.352,167276.305,562.621
"851",cam,34907.603,167275.901,562.890
"852",cam,34909.112,167275.967,563.022
"853",cam,34911.430,167276.123,563.197
"854",cam,34913.012,167276.003,563.315
"855",cam,34916.090,167274.977,563.733
"856",cam,34919.407,167273.805,564.227
"857",cam,34923.043,167272.393,564.704
"858",cam,34927.080,167270.595,565.240
"859",cam,34931.502,167268.583,565.832
"860",cam,34935.552,167266.771,566.389
"861",cam,34939.082,167265.253,566.791
"862",cam,34943.492,167263.055,567.269
"863",cam,34948.168,167260.990,567.884
"864",cam,34952.057,167259.511,568.379
"865",cam,34955.374,167258.832,568.721
"866",cam,34958.478,167258.512,569.032
"867",cam,34961.236,167258.672,569.211
"868",cam,34963.847,167259.018,569.335
"869",cam,34966.098,167259.471,569.442
"870",cam,34968.416,167260.044,569.504
"871",cam,34971.200,167260.737,569.603
"872",cam,34973.998,167261.483,569.703
"873",cam,34976.542,167262.042,569.856
"874",cam,34980.645,167262.988,570.012
"875",cam,34984.122,167263.774,570.233
"876",cam,34987.426,167264.440,570.529
"877",cam,34990.317,167264.866,570.804
"878",cam,34994.586,167265.387,571.202
"879",cam,34993.524,167263.675,571.504
"880",cam,34991.659,167261.477,571.531
"881",cam,34989.913,167259.106,571.586
"882",cam,34987.276,167255.815,571.883
"883",cam,34984.931,167253.231,572.077
"884",cam,34982.480,167250.260,572.254
"885",cam,34980.242,167247.409,572.462
"886",cam,34977.898,167244.785,572.517
"887",cam,34975.806,167241.814,572.603
"888",cam,34972.643,167236.888,572.646
"889",cam,34970.276,167232.993,572.830
"890",cam,34967.995,167229.464,573.100
"891",cam,34965.413,167226.043,573.108
"892",cam,34962.702,167222.148,572.994
"893",cam,34959.646,167217.436,572.864
"894",cam,34956.892,167213.713,572.621
"895",cam,34953.406,167208.936,572.111
"896",cam,34950.566,167204.848,571.639
"897",cam,34947.812,167199.985,571.314
"898",cam,34946.176,167197.769,571.020
"899",pc,34945.429,167220.435,570.555
"900",cam,34946.720,167195.601,570.904
"901",cam,34948.979,167198.528,571.312
"902",cam,34951.884,167203.455,571.776
"903",cam,34955.908,167208.964,572.376
"904",cam,34961.029,167215.785,573.040
"905",cam,34962.449,167218.561,573.036
"906",cam,34966.581,167223.919,573.246
"907",cam,34970.052,167228.783,573.213
"908",cam,34971.796,167231.272,573.026
"909",cam,34974.065,167235.081,572.768
"910",cam,34977.366,167240.076,572.758
"911",cam,34979.043,167243.022,572.660
"912",cam,34981.802,167246.729,572.552
"913",cam,34985.832,167251.758,572.235
"914",cam,34989.811,167256.431,571.946
"915",cam,34993.400,167260.562,571.792
"916",cam,34994.636,167262.289,571.792
"917",pc,34942.542,167151.731,566.073
"918",cam,35054.903,167115.786,571.278
"919",cam,35057.173,167118.438,571.653
"920",cam,35059.552,167121.748,572.218
"921",cam,35061.385,167125.412,572.714
"922",cam,35063.901,167131.292,573.408
"923",cam,35066.499,167136.597,574.300
"924",cam,35069.179,167141.821,574.872
"925",cam,35070.957,167144.282,575.082
"926",cam,35074.074,167146.251,575.167
"927",cam,35077.930,167147.537,575.104
"928",cam,35082.498,167147.345,574.802
"929",cam,35088.159,167146.744,574.435
"930",cam,35090.428,167146.087,574.131
"931",cam,35092.206,167143.462,573.760
"932",cam,35094.503,167138.238,573.242
"933",cam,35097.594,167132.632,572.667
"934",cam,35099.590,167128.967,572.378
"935",cam,35101.778,167125.385,572.041
"936",cam,35103.419,167121.830,571.687
"937",cam,35104.403,167118.466,571.450
"938",cam,35104.731,167115.321,571.210
"939",cam,35104.540,167112.039,571.087
"940",cam,35103.993,167109.031,570.848
"941",cam,35102.598,167104.464,570.527
"942",cam,35100.739,167099.951,570.189
"943",cam,35099.399,167095.904,569.792
"944",cam,35098.250,167092.403,569.375
"945",cam,35096.609,167088.985,568.944
"946",cam,35095.105,167087.453,568.697
"947",cam,35093.245,167087.015,568.635
"948",cam,35089.991,167088.465,568.874
"949",cam,35086.025,167091.008,569.141
"950",cam,35081.458,167094.126,569.461
"951",cam,35075.250,167098.091,569.761
"952",cam,35071.449,167100.690,569.981
"953",cam,35066.991,167103.397,570.129
"954",cam,35063.299,167105.612,570.317
"955",cam,35059.799,167107.417,570.513
"956",cam,35056.517,167109.960,570.735
"957",cam,35054.985,167111.765,570.923
"958",cam,35054.356,167113.789,571.084
"959",cam,35054.537,167115.074,571.221
"960",pc,34854.136,167251.222,557.292
"961",pc,34860.200,167253.524,557.821
"962",pc,34865.028,167257.174,558.372
"963",pc,34869.183,167261.047,558.915
"964",pc,34870.137,167265.539,559.148
"965",pc,34862.895,167273.118,558.182
"966",pc,34859.919,167270.929,557.963
"967",pc,34858.965,167266.437,557.967
"968",pc,34858.291,167263.967,557.949
"969",pc,34855.652,167261.047,557.696
"970",pc,34851.161,167260.767,557.366
"971",pc,34850.375,167266.830,557.138
"972",pc,34851.891,167270.536,557.138
"973",pc,34855.484,167273.455,557.375
"974",pc,34857.505,167276.431,557.541
"975",pc,34856.158,167280.979,557.371
"976",pc,34851.217,167279.856,556.858
"977",pc,34848.354,167277.385,556.664
"978",pc,34846.445,167282.158,556.416
"979",pc,34847.624,167289.063,556.449
"980",pc,34846.389,167293.723,556.174
"981",pc,34844.873,167292.656,556.116
"982",pc,34870.923,167256.388,558.872
"983",pc,34860.761,167249.538,557.594
"984",pc,34876.257,167259.363,559.680
"985",pc,34851.610,167256.781,557.423
"986",pc,34863.429,167261.916,558.397
"987",pc,34858.590,167292.165,557.504
"988",pc,34854.662,167295.988,556.913
"989",pc,34863.421,167290.879,558.068
"990",pc,34864.186,167283.997,558.286
"991",pc,34866.619,167286.743,558.612
"992",pc,34871.971,167287.438,559.144
"993",pc,34877.081,167284.796,559.741
"994",pc,34874.300,167282.259,559.531
"995",pc,34872.215,167278.540,559.269
"996",pc,34871.971,167275.238,559.134
"997",pc,34877.533,167270.302,559.765
"998",pc,34878.992,167273.674,559.886
"999",pc,34881.217,167277.393,560.229
"1000",pc,34882.607,167278.818,560.439
"1001",pc,34886.709,167280.799,560.938
"1002",pc,34892.791,167277.845,561.502
"1003",pc,34891.609,167275.724,561.417
"1004",pc,34890.428,167273.743,561.268
"1005",pc,34888.446,167270.545,561.167
"1006",pc,34885.979,167267.243,560.989
"1007",pc,34884.032,167265.679,560.742
"1008",pc,34883.580,167264.046,560.651
"1009",pc,34887.299,167260.327,560.995
"1010",pc,34890.984,167261.578,561.410
"1011",pc,34894.008,167264.115,561.760
"1012",pc,34896.615,167267.382,561.920
"1013",pc,34898.909,167270.997,562.158
"1014",pc,34904.609,167273.674,562.656
"1015",pc,34908.502,167273.083,563.099
"1016",pc,34911.943,167272.735,563.489
"1017",pc,34914.932,167271.623,563.948
"1018",pc,34912.325,167268.738,563.643
"1019",pc,34910.379,167268.182,563.418
"1020",pc,34904.991,167267.521,562.806
"1021",pc,34902.697,167266.722,562.544
"1022",pc,34902.697,167263.907,562.542
"1023",pc,34901.967,167262.204,562.425
"1024",pc,34897.275,167261.265,561.940
"1025",pc,34894.911,167260.049,561.748
"1026",pc,34895.294,167254.731,561.636
"1027",pc,34895.850,167250.873,561.643
"1028",pc,34891.123,167258.067,561.339
"1029",pc,34900.714,167245.799,562.315
"1030",pc,34905.093,167249.692,562.958
"1031",pc,34909.924,167253.759,563.696
"1032",pc,34915.069,167256.991,564.348
"1033",pc,34920.004,167260.641,565.016
"1034",pc,34923.341,167263.248,565.307
"1035",pc,34924.662,167267.558,565.292
"1036",pc,34916.077,167265.264,564.272
"1037",pc,34907.769,167258.973,563.226
"1038",pc,34902.660,167255.879,562.572
"1039",pc,34899.879,167252.563,562.182
"1040",pc,34932.240,167266.378,566.217
"1041",pc,34932.404,167262.850,566.286
"1042",pc,34930.162,167259.240,566.201
"1043",pc,34925.676,167258.310,565.736
"1044",pc,34921.602,167253.141,565.383
"1045",pc,34917.992,167248.847,564.886
"1046",pc,34913.561,167250.981,564.241
"1047",pc,34911.018,167247.015,563.898
"1048",pc,34910.115,167242.202,563.843
"1049",pc,34910.006,167238.920,563.947
"1050",pc,34909.733,167236.185,563.962
"1051",pc,34915.339,167233.970,564.871
"1052",pc,34919.961,167238.346,565.459
"1053",pc,34922.531,167241.710,565.701
"1054",pc,34925.184,167244.937,565.994
"1055",pc,34928.712,167249.285,566.389
"1056",pc,34932.459,167253.469,566.658
"1057",pc,34936.971,167257.681,567.061
"1058",pc,34939.268,167258.884,567.283
"1059",pc,34942.851,167260.744,567.604
"1060",pc,34947.828,167258.611,568.225
"1061",pc,34946.488,167254.891,568.265
"1062",pc,34943.179,167251.801,568.195
"1063",pc,34938.257,167251.090,567.433
"1064",pc,34936.233,167247.535,567.347
"1065",pc,34932.370,167242.220,567.160
"1066",pc,34929.731,167239.413,566.950
"1067",pc,34925.240,167235.090,566.322
"1068",pc,34922.938,167232.451,565.956
"1069",pc,34917.885,167228.914,565.330
"1070",pc,34922.826,167222.963,566.392
"1071",pc,34927.935,167226.500,567.183
"1072",pc,34932.146,167230.991,567.706
"1073",pc,34935.065,167236.886,567.984
"1074",pc,34940.904,167240.255,568.685
"1075",pc,34943.936,167245.308,568.763
"1076",pc,34949.101,167249.126,569.095
"1077",pc,34953.894,167252.604,569.260
"1078",pc,34957.056,167255.280,569.411
"1079",pc,34962.513,167256.358,569.816
"1080",pc,34968.857,167256.255,570.309
"1081",pc,34973.849,167257.537,570.541
"1082",pc,34977.913,167259.259,570.504
"1083",pc,34982.596,167260.761,570.656
"1084",pc,34985.467,167261.866,570.731
"1085",pc,34987.853,167262.396,570.909
"1086",pc,34989.178,167262.617,571.072
"1087",pc,34987.278,167259.127,571.316
"1088",pc,34984.275,167256.123,571.603
"1089",pc,34982.949,167253.782,571.861
"1090",pc,34979.990,167250.115,572.149
"1091",pc,34976.942,167246.890,572.288
"1092",pc,34973.275,167244.328,572.194
"1093",pc,34970.359,167241.987,572.011
"1094",pc,34967.267,167236.509,572.198
"1095",pc,34965.323,167233.196,572.447
"1096",pc,34962.585,167229.839,572.458
"1097",pc,34957.725,167225.554,572.055
"1098",pc,34953.396,167220.960,571.640
"1099",pc,34949.774,167215.703,571.391
"1100",pc,34948.581,167211.109,571.275
"1101",pc,34946.947,167207.044,570.969
"1102",pc,34944.429,167203.290,570.556
"1103",pc,34941.336,167206.868,570.043
"1104",pc,34937.051,167211.197,569.460
"1105",pc,34932.060,167216.189,568.587
"1106",pc,34928.570,167220.209,567.672
"1107",pc,34930.116,167224.449,567.708
"1108",pc,34934.357,167225.863,568.363
"1109",pc,34938.288,167230.722,568.864
"1110",pc,34943.192,167233.550,569.524
"1111",pc,34947.123,167236.288,569.892
"1112",pc,34950.127,167239.292,570.179
"1113",pc,34954.501,167243.180,570.359
"1114",pc,34957.725,167245.919,570.338
"1115",pc,34961.834,167250.557,570.285
"1116",pc,34965.456,167252.854,570.425
"1117",pc,34970.536,167253.914,570.688
"1118",pc,34975.705,167255.107,570.988
"1119",pc,34980.520,167256.697,571.134
"1120",pc,34977.295,167250.734,571.795
"1121",pc,34973.142,167248.437,571.683
"1122",pc,34968.327,167244.505,571.435
"1123",pc,34963.601,167239.911,571.593
"1124",pc,34960.199,167234.698,571.775
"1125",pc,34955.649,167230.016,571.529
"1126",pc,34949.774,167224.449,571.044
"1127",pc,34943.085,167216.510,570.310
"1128",pc,34939.860,167214.257,569.900
"1129",pc,34936.149,167218.542,569.171
"1130",pc,34933.146,167221.016,568.483
"1131",pc,34938.579,167224.859,569.260
"1132",pc,34941.362,167227.421,569.659
"1133",pc,34944.410,167230.292,569.934
"1134",pc,34949.534,167233.650,570.501
"1135",pc,34952.980,167236.079,570.821
"1136",pc,34956.382,167238.641,570.931
"1137",pc,34957.221,167234.268,571.510
"1138",pc,34953.510,167231.706,571.232
"1139",pc,34949.269,167228.923,570.777
"1140",pc,34945.603,167226.140,570.404
"1141",pc,34942.290,167223.799,569.978
"1142",pc,34938.888,167221.192,569.495
"1143",pc,34951.934,167195.245,571.593
"1144",pc,34957.885,167202.207,572.597
"1145",pc,34964.117,167209.843,573.554
"1146",pc,34967.205,167215.513,573.769
"1147",pc,34973.886,167223.710,573.798
"1148",pc,34977.985,167231.402,573.427
"1149",pc,34981.690,167238.757,573.035
"1150",pc,34986.912,167247.010,572.777
"1151",pc,34992.638,167253.579,572.588
"1152",pc,34997.804,167259.923,572.607
"1153",pc,35002.464,167262.337,572.755
"1154",pc,35008.583,167260.485,573.585
"1155",pc,35012.008,167258.632,574.021
"1156",pc,35017.679,167257.734,574.518
"1157",pc,35022.282,167254.983,575.212
"1158",pc,35027.167,167251.165,575.482
"1159",pc,35029.525,167248.021,575.749
"1160",pc,35033.343,167243.417,576.096
"1161",pc,35035.476,167240.104,576.182
"1162",pc,35037.890,167236.567,576.534
"1163",pc,35040.024,167232.525,576.846
"1164",pc,35042.157,167229.044,577.069
"1165",pc,35045.357,167223.430,577.295
"1166",pc,35048.165,167217.815,577.451
"1167",pc,35051.084,167211.864,577.509
"1168",pc,35055.127,167204.734,577.494
"1169",pc,35055.239,167197.940,577.372
"1170",pc,35057.485,167194.572,577.173
"1171",pc,35061.190,167189.968,577.147
"1172",pc,35064.053,167184.466,576.997
"1173",pc,35065.345,167178.964,576.851
"1174",pc,35067.197,167175.595,576.735
"1175",pc,35069.106,167171.721,576.534
"1176",pc,35069.948,167166.724,576.320
"1177",pc,35070.510,167161.559,575.883
"1178",pc,35069.106,167156.618,575.476
"1179",pc,35067.141,167152.352,575.284
"1180",pc,35068.489,167150.274,575.238
"1181",pc,35070.566,167153.025,575.312
"1182",pc,35072.307,167156.955,575.494
"1183",pc,35073.429,167160.829,575.798
"1184",pc,35074.136,167168.469,576.372
"1185",pc,35072.811,167173.461,576.587
"1186",pc,35071.707,167176.597,576.756
"1187",pc,35071.442,167179.115,576.889
"1188",pc,35069.542,167180.264,576.998
"1189",pc,35069.144,167183.930,577.123
"1190",pc,35066.494,167187.067,577.248
"1191",pc,35065.169,167191.263,577.401
"1192",pc,35063.402,167196.255,577.487
"1193",pc,35061.105,167198.508,577.534
"1194",pc,35059.514,167203.500,577.629
"1195",pc,35056.908,167205.797,577.620
"1196",pc,35057.394,167208.624,577.628
"1197",pc,35055.053,167211.098,577.608
"1198",pc,35054.434,167214.411,577.610
"1199",pc,35052.181,167217.018,577.583
"1200",pc,35052.579,167219.624,577.522
"1201",pc,35050.326,167221.126,577.499
"1202",pc,35050.856,167222.937,577.392
"1203",pc,35048.250,167224.792,577.313
"1204",pc,35048.515,167227.664,577.180
"1205",pc,35047.278,167231.374,577.026
"1206",pc,35045.687,167230.093,577.087
"1207",pc,35044.760,167232.788,576.925
"1208",pc,35045.864,167234.997,576.761
"1209",pc,35044.097,167237.647,576.623
"1210",pc,35042.816,167237.206,576.645
"1211",pc,35041.668,167239.238,576.531
"1212",pc,35041.800,167241.932,576.355
"1213",pc,35038.178,167244.009,576.206
"1214",pc,35036.720,167247.145,576.073
"1215",pc,35035.571,167249.795,575.895
"1216",pc,35034.202,167252.137,575.699
"1217",pc,35033.009,167254.831,575.430
"1218",pc,35030.005,167255.582,575.268
"1219",pc,35027.355,167258.233,574.874
"1220",pc,35025.765,167258.145,574.887
"1221",pc,35024.086,167258.675,574.668
"1222",pc,35021.789,167260.530,574.304
"1223",pc,35020.154,167259.912,574.281
"1224",pc,35017.548,167260.928,573.970
"1225",pc,35014.897,167261.502,573.752
"1226",pc,35013.175,167263.401,573.508
"1227",pc,35010.833,167263.843,573.325
"1228",pc,35008.934,167263.755,573.161
"1229",pc,35005.886,167265.213,572.675
"1230",pc,35005.091,167264.682,572.696
"1231",pc,35001.689,167265.257,572.241
"1232",pc,34999.215,167264.815,572.040
"1233",pc,35033.156,167250.665,575.787
"1234",pc,35029.297,167253.932,575.478
"1235",pc,35064.031,167145.657,574.992
"1236",pc,35061.747,167139.591,574.380
"1237",pc,35059.535,167133.954,573.582
"1238",pc,35057.109,167128.103,572.771
"1239",pc,35053.613,167126.676,572.348
"1240",pc,35051.258,167121.324,571.732
"1241",pc,35048.903,167121.182,571.676
"1242",pc,35044.907,167122.609,571.758
"1243",pc,35041.339,167124.749,571.998
"1244",pc,35037.629,167126.961,572.240
"1245",pc,35034.632,167129.816,572.570
"1246",pc,35031.421,167131.814,572.693
"1247",pc,35028.139,167134.097,572.916
"1248",pc,35024.856,167136.095,573.105
"1249",pc,35021.717,167138.450,573.288
"1250",pc,35015.366,167142.446,573.238
"1251",pc,35012.655,167145.442,573.188
"1252",pc,35009.658,167148.225,573.167
"1253",pc,35006.732,167150.794,573.014
"1254",pc,35003.093,167153.149,572.717
"1255",pc,34999.811,167155.789,572.462
"1256",pc,34995.244,167159.143,572.177
"1257",pc,34991.961,167161.712,571.998
"1258",pc,34987.751,167165.779,571.983
"1259",pc,34983.212,167169.846,572.055
"1260",pc,34978.838,167173.645,572.221
"1261",pc,34974.112,167177.444,572.305
"1262",pc,34970.357,167179.874,572.334
"1263",pc,34967.000,167181.994,572.258
"1264",pc,34963.731,167184.954,572.256
"1265",pc,34960.948,167187.516,572.241
"1266",pc,34957.855,167190.255,572.037
"1267",pc,34955.337,167193.082,571.951
"1268",pc,34957.902,167195.794,572.355
"1269",pc,34961.392,167200.388,572.980
"1270",pc,34967.002,167206.396,573.759
"1271",pc,34972.700,167212.889,574.250
"1272",pc,34979.150,167220.046,574.198
"1273",pc,34984.716,167226.451,574.145
"1274",pc,34990.547,167233.563,574.001
"1275",pc,34997.483,167241.250,574.061
"1276",pc,35003.181,167247.964,574.053
"1277",pc,34992.726,167245.614,573.335
"1278",pc,34998.863,167255.747,573.038
"1279",pc,35006.212,167254.320,573.776
"1280",pc,35011.421,167254.962,574.409
"1281",pc,35015.132,167252.750,575.028
"1282",pc,35018.557,167250.538,575.182
"1283",pc,35021.482,167247.755,575.419
"1284",pc,35027.119,167243.260,575.823
"1285",pc,35030.616,167237.480,576.172
"1286",pc,35033.399,167233.984,576.454
"1287",pc,35036.039,167228.061,576.900
"1288",pc,35036.324,167222.067,577.085
"1289",pc,35036.681,167217.643,577.112
"1290",pc,35038.965,167213.219,577.199
"1291",pc,35042.318,167210.650,577.225
"1292",pc,35045.601,167208.510,577.354
"1293",pc,35047.599,167204.300,577.305
"1294",pc,35043.888,167215.574,577.380
"1295",pc,35048.343,167196.548,577.147
"1296",pc,35049.611,167188.825,576.836
"1297",pc,35052.146,167185.252,576.834
"1298",pc,35053.754,167181.488,576.746
"1299",pc,35058.702,167177.689,576.728
"1300",pc,35058.375,167171.087,576.410
"1301",pc,35059.779,167166.820,576.167
"1302",pc,35060.902,167163.115,575.983
"1303",pc,35062.754,167158.342,575.652
"1304",pc,35062.305,167154.356,575.325
"1305",pc,35060.789,167150.033,575.080
"1306",pc,35058.656,167144.419,574.601
"1307",pc,35056.579,167139.703,573.966
"1308",pc,35050.459,167135.099,573.341
"1309",pc,35046.978,167134.425,573.258
"1310",pc,35042.093,167134.987,573.188
"1311",pc,35038.220,167135.941,573.164
"1312",pc,35033.728,167136.952,573.249
"1313",pc,35028.507,167140.040,573.433
"1314",pc,35023.398,167142.847,573.712
"1315",pc,35016.773,167147.282,573.654
"1316",pc,35012.506,167151.381,573.577
"1317",pc,35008.407,167155.816,573.304
"1318",pc,34999.986,167161.711,572.693
"1319",pc,34993.585,167166.652,572.479
"1320",pc,34987.522,167172.266,572.547
"1321",pc,34983.086,167176.140,572.775
"1322",pc,34979.100,167180.519,573.066
"1323",pc,34974.159,167183.326,573.007
"1324",pc,34970.791,167186.078,573.031
"1325",pc,34967.366,167188.604,572.929
"1326",pc,34962.931,167192.366,572.754
"1327",pc,34964.166,167197.250,573.215
"1328",pc,34968.601,167202.640,573.845
"1329",pc,34976.405,167210.500,574.373
"1330",pc,34984.771,167218.416,574.553
"1331",pc,34989.206,167225.940,574.526
"1332",pc,34995.550,167233.407,574.515
"1333",pc,35002.512,167241.548,574.587
"1334",pc,35006.723,167245.702,574.795
"1335",pc,35012.506,167244.130,575.340
"1336",pc,35018.738,167241.941,575.684
"1337",pc,35020.703,167238.179,575.931
"1338",pc,35024.464,167234.081,576.103
"1339",pc,35028.170,167228.410,576.505
"1340",pc,35030.640,167221.448,576.739
"1341",pc,35032.437,167214.655,576.862
"1342",pc,35035.637,167209.546,576.951
"1343",pc,35040.016,167205.223,577.065
"1344",pc,35041.869,167198.261,577.047
"1345",pc,35043.329,167190.794,576.769
"1346",pc,35045.799,167184.449,576.549
"1347",pc,35047.427,167179.565,576.419
"1348",pc,35048.831,167173.052,576.263
"1349",pc,35050.122,167168.111,576.180
"1350",pc,35051.806,167163.845,575.924
"1351",pc,35054.670,167160.644,575.675
"1352",pc,35055.905,167156.602,575.404
"1353",pc,35057.028,167151.774,575.171
"1354",pc,35054.838,167145.991,574.608
"1355",pc,35050.403,167140.994,573.929
"1356",pc,35045.238,167138.692,573.549
"1357",pc,35040.690,167138.804,573.456
"1358",pc,35036.872,167140.264,573.571
"1359",pc,35032.605,167144.082,573.938
"1360",pc,35026.878,167147.001,574.262
"1361",pc,35021.769,167149.921,574.203
"1362",pc,35018.738,167152.953,574.146
"1363",pc,35011.888,167159.353,573.746
"1364",pc,35007.228,167163.957,573.476
"1365",pc,35000.491,167168.336,573.083
"1366",pc,34993.417,167172.266,572.925
"1367",pc,34989.824,167177.824,573.113
"1368",pc,34985.669,167182.372,573.474
"1369",pc,34981.177,167186.134,573.566
"1370",pc,34976.293,167189.727,573.666
"1371",pc,34971.464,167193.657,573.643
"1372",pc,34970.061,167197.531,573.738
"1373",pc,34975.282,167204.100,574.337
"1374",pc,34996.124,167228.055,574.979
"1375",pc,35004.467,167234.222,575.298
"1376",pc,35012.629,167237.396,575.680
"1377",pc,35016.620,167233.406,575.872
"1378",pc,35018.977,167227.783,576.039
"1379",pc,35023.372,167219.647,576.369
"1380",pc,35026.685,167211.430,576.367
"1381",pc,35028.629,167204.053,576.316
"1382",pc,35032.163,167195.925,576.418
"1383",pc,35034.592,167189.784,576.309
"1384",pc,35038.701,167182.275,576.129
"1385",pc,35039.186,167173.572,575.761
"1386",pc,35040.468,167168.580,575.626
"1387",pc,35043.074,167162.882,575.651
"1388",pc,35046.768,167155.285,575.116
"1389",pc,35048.195,167151.004,574.810
"1390",pc,35044.413,167146.437,574.251
"1391",pc,35039.275,167146.437,574.192
"1392",pc,35035.494,167148.792,574.561
"1393",pc,35030.713,167151.860,574.803
"1394",pc,35025.789,167154.928,574.744
"1395",pc,35021.365,167158.710,574.626
"1396",pc,35016.870,167162.278,574.340
"1397",pc,35012.517,167166.845,574.147
"1398",pc,35006.523,167172.696,573.968
"1399",pc,35002.170,167177.120,574.016
"1400",pc,34998.959,167179.260,573.861
"1401",pc,34994.892,167183.542,573.866
"1402",pc,34989.398,167189.179,574.152
"1403",pc,34985.759,167193.674,574.259
"1404",pc,34982.619,167200.596,574.505
"1405",pc,34983.404,167207.018,574.602
"1406",pc,34978.124,167197.813,574.212
"1407",pc,34990.959,167215.498,574.892
"1408",pc,34999.484,167225.474,575.378
"1409",pc,35006.195,167227.469,575.522
"1410",pc,35011.183,167226.472,575.644
"1411",pc,35014.719,167221.937,575.849
"1412",pc,35016.715,167218.037,575.956
"1413",pc,35018.619,167213.956,575.978
"1414",pc,35019.889,167206.390,575.765
"1415",pc,35021.124,167199.484,575.713
"1416",pc,35022.808,167193.982,575.706
"1417",pc,35025.279,167188.368,575.617
"1418",pc,35026.570,167183.203,575.598
"1419",pc,35029.096,167176.971,575.521
"1420",pc,35031.847,167171.356,575.376
"1421",pc,35034.093,167167.539,575.399
"1422",pc,35036.339,167161.250,575.349
"1423",pc,35039.876,167156.085,575.193
"1424",pc,35038.529,167151.481,574.887
"1425",pc,35035.665,167154.345,575.077
"1426",pc,35032.577,167156.422,575.108
"1427",pc,35027.861,167160.128,575.081
"1428",pc,35023.370,167163.889,574.908
"1429",pc,35017.362,167168.998,574.641
"1430",pc,35011.186,167175.062,574.581
"1431",pc,35007.088,167179.441,574.554
"1432",pc,35002.709,167183.203,574.311
"1433",pc,34998.835,167187.919,574.377
"1434",pc,34993.950,167194.544,574.521
"1435",pc,34990.189,167199.484,574.671
"1436",pc,34987.381,167205.436,574.757
"1437",pc,34991.143,167209.647,574.963
"1438",pc,34995.747,167215.036,575.224
"1439",pc,35000.014,167220.202,575.530
"1440",pc,35004.112,167225.030,575.574
"1441",pc,35008.042,167220.651,575.552
"1442",pc,35002.933,167214.363,575.480
"1443",pc,34997.319,167207.457,575.261
"1444",pc,34993.894,167203.471,574.959
"1445",pc,34999.396,167197.519,574.814
"1446",pc,35004.954,167204.144,575.223
"1447",pc,35008.828,167209.590,575.624
"1448",pc,35014.106,167214.812,575.813
"1449",pc,35016.520,167205.716,575.645
"1450",pc,35010.400,167198.418,575.294
"1451",pc,35005.684,167192.691,575.029
"1452",pc,35006.695,167185.280,574.774
"1453",pc,35011.411,167190.277,575.167
"1454",pc,35016.464,167196.453,575.389
"1455",pc,35018.204,167191.905,575.442
"1456",pc,35020.675,167188.536,575.406
"1457",pc,35013.881,167181.631,575.041
"1458",pc,35016.745,167177.925,575.063
"1459",pc,35020.675,167183.090,575.362
"1460",pc,35016.071,167186.908,575.235
"1461",pc,35022.808,167179.104,575.401
"1462",pc,35023.314,167173.434,575.165
"1463",pc,35026.289,167167.988,575.154
"1464",pc,35029.433,167165.461,575.167
"1465",pc,35032.521,167162.317,575.230
"1466",pc,34857.554,167236.810,556.395
"1467",pc,34866.759,167238.666,557.128
"1468",pc,34882.600,167247.871,559.769
"1469",pc,34890.591,167244.303,560.646
"1470",pc,34877.105,167239.022,558.319
"1471",pc,34867.115,167234.384,556.829
"1472",pc,34861.978,167227.820,555.783
"1473",pc,34859.908,167233.956,556.278
"1474",pc,34872.396,167232.101,557.173
"1475",pc,34881.335,167235.936,558.670
"1476",pc,34889.860,167239.779,560.200
"1477",pc,34897.459,167238.365,561.498
"1478",pc,34886.459,167233.948,559.346
"1479",pc,34877.050,167228.117,557.630
"1480",pc,34867.905,167224.362,556.144
"1481",pc,34862.869,167220.298,555.452
"1482",pc,34866.094,167214.069,555.364
"1483",pc,34878.640,167219.193,557.109
"1484",pc,34889.507,167222.197,559.509
"1485",pc,34904.129,167228.293,562.735
"1486",pc,34891.782,167229.793,560.157
"1487",pc,34907.548,167224.973,563.426
"1488",pc,34892.087,167216.933,560.000
"1489",pc,34878.171,167211.013,556.746
"1490",pc,34868.144,167207.479,555.149
"1491",pc,34869.777,167199.259,555.058
"1492",pc,34880.934,167203.499,557.117
"1493",pc,34888.025,167206.210,558.701
"1494",pc,34896.749,167209.929,561.005
"1495",pc,34902.901,167212.328,562.444
"1496",pc,34910.826,167215.664,564.159
"1497",pc,34903.005,167220.982,562.562
"1498",pc,34885.116,167213.986,558.311
"1499",pc,34924.097,167210.458,567.125
"1500",pc,34902.650,167204.058,562.420
"1501",pc,34886.144,167199.623,558.373
"1502",pc,34875.701,167188.225,555.427
"1503",pc,34878.621,167183.790,556.004
"1504",pc,34892.713,167189.124,559.737
"1505",pc,34889.625,167191.819,559.095
"1506",pc,34895.632,167196.647,560.622
"1507",pc,34883.505,167194.121,557.579
"1508",pc,34875.896,167197.569,555.985
"1509",pc,34908.070,167201.898,563.712
"1510",pc,34914.634,167200.328,565.263
"1511",pc,34927.264,167206.893,567.776
"1512",pc,34902.147,167195.262,562.356
"1513",pc,34914.787,167210.991,564.908
"1514",pc,34931.683,167200.875,568.502
"1515",pc,34917.912,167195.524,565.659
"1516",pc,34903.498,167189.601,562.584
"1517",pc,34892.152,167184.749,559.497
"1518",pc,34877.810,167179.112,555.841
"1519",pc,34885.659,167173.118,557.296
"1520",pc,34897.076,167178.042,560.398
"1521",pc,34911.061,167183.465,563.843
"1522",pc,34923.121,167188.602,566.441
"1523",pc,34937.534,167194.097,569.395
"1524",pc,34916.984,167190.671,565.315
"1525",pc,34884.905,167181.989,557.567
"1526",pc,34942.696,167190.020,570.083
"1527",pc,34932.646,167186.203,568.273
"1528",pc,34916.364,167179.746,564.718
"1529",pc,34903.900,167174.693,561.788
"1530",pc,34895.086,167171.100,559.420
"1531",pc,34882.622,167165.710,556.127
"1532",pc,34887.001,167161.050,556.555
"1533",pc,34897.388,167165.485,559.587
"1534",pc,34910.245,167170.145,562.748
"1535",pc,34922.484,167175.591,565.716
"1536",pc,34934.218,167180.644,568.217
"1537",pc,34944.717,167184.743,570.015
"1538",pc,34952.745,167181.599,570.849
"1539",pc,34939.608,167176.377,568.829
"1540",pc,34927.088,167171.044,566.119
"1541",pc,34914.792,167166.215,563.312
"1542",pc,34908.151,167163.014,561.607
"1543",pc,34897.461,167159.126,558.841
"1544",pc,34890.128,167155.725,556.751
"1545",pc,34892.646,167152.323,556.968
"1546",pc,34901.613,167156.034,559.375
"1547",pc,34902.983,167163.058,560.574
"1548",pc,34911.773,167160.319,561.921
"1549",pc,34921.227,167164.250,564.268
"1550",pc,34926.926,167166.857,565.581
"1551",pc,34935.937,167170.302,567.675
"1552",pc,34945.656,167174.455,569.174
"1553",pc,34953.298,167177.680,570.468
"1554",pc,34959.306,167176.222,570.899
"1555",pc,34949.455,167171.981,569.215
"1556",pc,34939.648,167167.873,567.862
"1557",pc,34931.696,167164.560,566.131
"1558",pc,34923.568,167160.893,564.263
"1559",pc,34911.906,167156.078,561.358
"1560",pc,34901.613,167152.191,558.873
"1561",pc,34895.561,167149.717,557.307
"1562",pc,34897.991,167145.874,557.242
"1563",pc,34901.392,167145.344,557.821
"1564",pc,34910.625,167148.922,560.093
"1565",pc,34918.135,167152.191,562.005
"1566",pc,34927.676,167156.476,564.375
"1567",pc,34940.576,167161.600,567.211
"1568",pc,34950.383,167165.752,568.649
"1569",pc,34958.378,167169.375,569.935
"1570",pc,34964.872,167171.849,570.899
"1571",pc,34970.040,167169.684,571.066
"1572",pc,34953.961,167163.234,568.585
"1573",pc,34936.777,167155.857,565.721
"1574",pc,34928.693,167152.456,564.019
"1575",pc,34920.785,167149.054,562.023
"1576",pc,34909.697,167144.239,559.281
"1577",pc,34902.894,167139.866,557.302
"1578",pc,34907.047,167136.994,557.679
"1579",pc,34918.886,167141.721,560.703
"1580",pc,34929.929,167146.890,563.512
"1581",pc,34911.994,167130.501,557.960
"1582",pc,34923.347,167134.742,560.267
"1583",pc,34928.427,167139.247,561.949
"1584",pc,34941.238,167144.902,564.982
"1585",pc,34952.370,167151.528,567.179
"1586",pc,34959.041,167156.476,568.229
"1587",pc,34969.024,167160.982,569.704
"1588",pc,34976.888,167160.098,570.421
"1589",pc,34964.739,167155.239,568.414
"1590",pc,34959.792,167150.424,567.680
"1591",pc,34970.350,167154.974,568.971
"1592",pc,34927.440,167199.129,567.712
"1593",pc,34933.363,167134.822,562.258
"1594",pc,34918.735,167124.690,558.276
"1595",pc,34933.863,167128.686,561.329
"1596",pc,34950.132,167135.607,564.566
"1597",pc,34961.192,167140.602,566.518
"1598",pc,34977.778,167149.547,569.347
"1599",pc,34990.882,167151.354,571.029
"1600",pc,34981.150,167145.028,569.196
"1601",pc,34963.215,167137.138,566.296
"1602",pc,34954.490,167131.299,564.596
"1603",pc,34943.403,167126.711,562.466
"1604",pc,34953.387,167143.666,566.207
"1605",pc,34925.685,167112.519,558.322
"1606",pc,34939.885,167116.801,561.028
"1607",pc,34935.318,167120.796,560.538
"1608",pc,34956.012,167123.008,564.050
"1609",pc,34969.498,167129.074,566.354
"1610",pc,34980.772,167134.069,568.278
"1611",pc,34998.111,167140.205,571.427
"1612",pc,35004.105,167136.352,571.920
"1613",pc,35006.888,167131.072,571.759
"1614",pc,35010.955,167127.861,571.843
"1615",pc,35016.949,167122.937,571.537
"1616",pc,35022.729,167118.727,571.307
"1617",pc,35026.796,167116.158,571.078
"1618",pc,35036.501,167110.093,570.528
"1619",pc,35044.564,167107.310,570.193
"1620",pc,35029.365,167098.462,569.380
"1621",pc,35016.236,167092.397,568.632
"1622",pc,35002.892,167086.260,566.960
"1623",pc,34989.335,167079.696,565.445
"1624",pc,34980.486,167075.414,564.454
"1625",pc,34970.425,167070.348,562.870
"1626",pc,34966.073,167072.703,562.245
"1627",pc,34960.168,167076.857,561.678
"1628",pc,34955.337,167080.958,561.428
"1629",pc,34951.478,167085.998,561.354
"1630",pc,34946.628,167091.567,560.792
"1631",pc,34941.070,167099.540,559.978
"1632",pc,34936.298,167105.828,559.382
"1633",pc,34934.726,167109.589,559.431
"1634",pc,34946.460,167112.677,561.581
"1635",pc,34959.991,167119.021,564.158
"1636",pc,34973.971,167124.973,566.725
"1637",pc,34990.645,167132.103,569.631
"1638",pc,34996.821,167128.454,570.339
"1639",pc,35000.751,167121.492,570.286
"1640",pc,35004.288,167114.698,569.920
"1641",pc,35009.959,167108.859,569.774
"1642",pc,35021.749,167105.322,570.009
"1643",pc,35018.324,167114.642,570.677
"1644",pc,35007.657,167124.411,571.305
"1645",pc,34993.191,167139.510,570.544
"1646",pc,35008.797,167095.263,568.384
"1647",pc,34987.666,167085.559,565.898
"1648",pc,34991.566,167096.351,567.055
"1649",pc,34970.781,167081.611,563.825
"1650",pc,34961.168,167090.771,563.233
"1651",pc,34980.847,167098.026,565.998
"1652",pc,34979.215,167090.589,565.424
"1653",pc,34993.453,167105.371,568.006
"1654",pc,34986.995,167126.513,568.677
"1655",pc,34992.774,167116.166,568.695
"1656",pc,34975.150,167119.020,566.523
"1657",pc,34980.073,167112.812,566.746
"1658",pc,34983.284,167105.606,566.872
"1659",pc,34972.224,167098.185,565.098
"1660",pc,34961.592,167112.884,564.006
"1661",pc,34965.588,167104.464,564.190
"1662",pc,34954.885,167092.904,562.185
"1663",pc,34961.949,167097.685,563.541
"1664",pc,34957.239,167100.111,562.725
"1665",pc,34946.465,167101.752,561.083
"1666",pc,34949.319,167107.318,561.771
"1667",pc,34969.716,167144.013,567.815
"1668",pc,35001.915,167103.041,568.614
"1669",pc,34997.867,167087.848,566.749
"1670",pc,34980.705,167062.878,563.343
"1671",pc,34987.555,167065.875,564.391
"1672",pc,34997.473,167070.442,565.352
"1673",pc,35006.393,167074.438,566.114
"1674",pc,35015.883,167078.791,566.963
"1675",pc,35023.375,167082.644,567.560
"1676",pc,35035.006,167086.354,568.206
"1677",pc,35044.140,167090.778,568.484
"1678",pc,35055.628,167095.416,569.410
"1679",pc,35061.479,167095.845,569.527
"1680",pc,35066.546,167092.919,569.319
"1681",pc,35071.612,167088.495,568.888
"1682",pc,35078.747,167085.855,568.641
"1683",pc,35085.098,167081.003,568.137
"1684",pc,35090.735,167077.221,567.724
"1685",pc,35097.728,167074.010,567.213
"1686",pc,35105.220,167070.799,566.550
"1687",pc,35102.580,167060.452,565.543
"1688",pc,35099.940,167048.964,564.097
"1689",pc,35098.156,167040.401,562.996
"1690",pc,35096.372,167032.552,561.982
"1691",pc,35093.803,167023.062,561.293
"1692",pc,35091.163,167011.502,560.402
"1693",pc,35084.028,167009.290,560.693
"1694",pc,35078.676,167011.930,561.116
"1695",pc,35071.540,167016.212,561.683
"1696",pc,35063.620,167019.351,562.085
"1697",pc,35058.268,167021.492,562.290
"1698",pc,35050.517,167024.812,562.570
"1699",pc,35041.859,167030.599,562.929
"1700",pc,35029.446,167036.518,563.154
"1701",pc,35024.012,167040.052,563.238
"1702",pc,35016.768,167043.012,563.300
"1703",pc,35009.324,167046.208,563.343
"1704",pc,35004.214,167048.746,563.379
"1705",pc,35000.113,167050.588,563.318
"1706",pc,34995.003,167053.160,563.389
"1707",pc,34991.667,167054.967,563.470
"1708",pc,34988.121,167057.574,563.488
"1709",pc,34984.646,167060.251,563.548
"1710",pc,34991.867,167064.859,564.625
"1711",pc,34994.618,167065.532,564.807
"1712",pc,35000.794,167065.869,565.013
"1713",pc,35006.970,167067.778,565.365
"1714",pc,35011.966,167071.035,565.941
"1715",pc,35020.220,167072.326,566.227
"1716",pc,35027.855,167075.021,566.625
"1717",pc,35035.154,167079.961,567.510
"1718",pc,35044.025,167082.319,567.790
"1719",pc,35053.401,167086.867,568.481
"1720",pc,35059.296,167087.822,568.663
"1721",pc,35065.191,167087.822,568.681
"1722",pc,35068.110,167083.611,568.392
"1723",pc,35071.311,167079.456,568.121
"1724",pc,35075.858,167075.807,567.820
"1725",pc,35082.539,167070.192,567.288
"1726",pc,35088.266,167067.497,566.877
"1727",pc,35095.228,167064.185,566.268
"1728",pc,35098.316,167058.178,565.526
"1729",pc,35095.789,167048.633,564.326
"1730",pc,35091.972,167040.997,563.432
"1731",pc,35089.838,167031.958,562.416
"1732",pc,35087.256,167022.638,561.563
"1733",pc,35082.371,167017.529,561.339
"1734",pc,35077.655,167019.494,561.718
"1735",pc,35072.939,167022.302,562.133
"1736",pc,35066.707,167024.210,562.414
"1737",pc,35062.159,167028.646,562.746
"1738",pc,35056.350,167031.780,563.009
"1739",pc,35046.066,167036.438,563.302
"1740",pc,35040.411,167040.326,563.507
"1741",pc,35033.299,167044.522,563.808
"1742",pc,35026.099,167046.775,563.934
"1743",pc,35020.621,167049.293,563.967
"1744",pc,35015.143,167051.723,564.037
"1745",pc,35007.368,167055.257,564.146
"1746",pc,34998.219,167057.296,564.012
"1747",pc,34997.489,167061.363,564.498
"1748",pc,35005.831,167062.267,564.704
"1749",pc,35014.486,167065.569,565.435
"1750",pc,35019.282,167066.716,565.597
"1751",pc,35028.098,167068.908,565.934
"1752",pc,35038.907,167071.827,566.567
"1753",pc,35050.222,167076.375,567.404
"1754",pc,35058.924,167078.228,567.790
"1755",pc,35063.921,167075.364,567.567
"1756",pc,35068.356,167069.189,566.979
"1757",pc,35073.185,167063.350,566.526
"1758",pc,35080.708,167054.928,565.527
"1759",pc,35084.807,167045.552,564.285
"1760",pc,35085.256,167037.972,563.455
"1761",pc,35082.280,167027.193,562.447
"1762",pc,35077.059,167029.214,562.816
"1763",pc,35070.827,167031.123,563.119
"1764",pc,35066.223,167033.200,563.292
"1765",pc,35060.047,167035.951,563.403
"1766",pc,35054.713,167038.029,563.586
"1767",pc,35049.267,167042.183,563.886
"1768",pc,35040.108,167047.139,564.082
"1769",pc,35032.775,167049.480,564.211
"1770",pc,35025.662,167054.163,564.497
"1771",pc,35020.052,167055.753,564.532
"1772",pc,35014.309,167057.520,564.646
"1773",pc,35011.571,167060.833,564.801
"1774",pc,35021.598,167061.584,565.121
"1775",pc,35027.474,167060.391,565.126
"1776",pc,35031.891,167060.789,565.059
"1777",pc,35038.252,167062.821,565.515
"1778",pc,35047.794,167061.982,565.653
"1779",pc,35055.336,167065.741,566.263
"1780",pc,35068.109,167059.390,565.908
"1781",pc,35072.411,167052.672,565.209
"1782",pc,35078.756,167046.047,564.582
"1783",pc,35080.608,167037.008,563.523
"1784",pc,35076.285,167035.492,563.500
"1785",pc,35071.962,167036.615,563.583
"1786",pc,35068.313,167037.906,563.652
"1787",pc,35064.832,167039.198,563.737
"1788",pc,35059.217,167042.735,563.986
"1789",pc,35055.736,167044.812,564.157
"1790",pc,35050.403,167046.833,564.213
"1791",pc,35041.228,167051.986,564.525
"1792",pc,35034.041,167054.146,564.552
"1793",pc,35037.072,167058.357,564.993
"1794",pc,35048.806,167056.111,564.989
"1795",pc,35060.260,167054.090,565.004
"1796",pc,35064.808,167047.465,564.529
"1797",pc,35070.085,167044.265,564.343
"1798",pc,35088.673,167060.600,566.075
"1799",pc,35056.868,167056.601,565.311
"1800",pc,35043.952,167075.367,567.219
"1801",pc,35061.820,167066.653,566.520
"1802",pc,35073.949,167143.382,574.983
"1803",pc,35078.873,167144.951,574.896
"1804",pc,35087.650,167144.880,574.298
"1805",pc,35090.432,167139.814,573.637
"1806",pc,35091.717,167132.964,573.061
"1807",pc,35093.572,167127.755,572.583
"1808",pc,35098.282,167119.977,571.815
"1809",pc,35098.567,167115.910,571.441
"1810",pc,35098.924,167111.700,571.233
"1811",pc,35098.710,167107.490,570.950
"1812",pc,35094.072,167098.570,570.116
"1813",pc,35089.933,167095.431,569.818
"1814",pc,35083.582,167099.712,570.173
"1815",pc,35078.373,167103.280,570.404
"1816",pc,35075.091,167105.991,570.619
"1817",pc,35071.309,167107.918,570.785
"1818",pc,35066.457,167110.558,570.985
"1819",pc,35061.961,167114.554,571.414
"1820",pc,35062.247,167119.549,572.021
"1821",pc,35066.171,167126.613,573.049
"1822",pc,35069.097,167133.178,573.990
"1823",pc,35071.737,167139.029,574.591
"1824",pc,35075.448,167137.816,574.469
"1825",pc,35082.379,167137.214,573.970
"1826",pc,35086.620,167131.604,573.173
"1827",pc,35089.050,167123.608,572.522
"1828",pc,35092.451,167117.115,571.759
"1829",pc,35093.467,167110.444,571.267
"1830",pc,35088.829,167101.742,570.468
"1831",pc,35083.926,167105.364,570.724
"1832",pc,35079.243,167108.324,570.896
"1833",pc,35074.384,167111.416,571.170
"1834",pc,35071.336,167114.862,571.538
"1835",pc,35066.609,167119.456,572.044
"1836",pc,35072.263,167126.612,573.019
"1837",pc,35075.576,167133.062,573.819
"1838",pc,35082.298,167127.751,572.888
"1839",pc,35084.106,167122.850,572.423
"1840",pc,35086.782,167115.099,571.619
"1841",pc,35088.763,167110.476,571.293
"1842",pc,35084.766,167110.268,571.196
"1843",pc,35081.638,167112.562,571.366
"1844",pc,35077.919,167115.064,571.597
"1845",pc,35074.860,167117.636,571.905
"1846",pc,35071.593,167119.722,572.132
"1847",pc,35075.451,167123.198,572.513
"1848",pc,35079.060,167121.671,572.315
"1849",pc,35081.980,167118.960,572.022
"1850",pc,35089.605,167120.137,572.105
"1851",cam,35109.889,167147.233,572.021
"1852",cam,35108.012,167144.035,571.885
"1853",cam,35106.760,167141.081,571.711
"1854",cam,35105.544,167137.119,571.823
"1855",cam,35104.188,167132.739,571.886
"1856",cam,35103.528,167128.116,571.876
"1857",pc,35099.021,167145.286,572.910
"1858",pc,35103.192,167145.216,572.578
"1859",pc,35103.887,167142.018,572.148
"1860",pc,35102.949,167136.527,572.206
"1861",pc,35099.438,167136.909,572.663
"1862",pc,35096.762,167140.211,573.032
"1863",pc,35101.767,167133.746,572.151
"1864",pc,35106.189,167146.304,572.336
"1865",cam,35115.897,167147.508,571.640
"1866",cam,35113.819,167145.621,571.533
"1867",cam,35110.291,167142.448,571.541
"1868",cam,35108.486,167138.920,571.436
"1869",cam,35107.392,167134.927,571.389
"1870",cam,35106.954,167132.111,571.404
"1871",cam,35106.490,167128.637,571.447
"1872",cam,35106.490,167124.781,571.315
"1873",pc,35112.306,167138.183,570.651
"1874",pc,35115.589,167141.822,570.251
"1875",pc,35120.726,167145.532,570.619
"1876",pc,35126.792,167147.031,570.934
"1877",pc,35135.497,167146.959,570.828
"1878",pc,35134.783,167145.033,569.969
"1879",pc,35126.720,167144.676,569.900
"1880",pc,35121.226,167143.677,570.035
"1881",pc,35117.230,167140.823,569.997
"1882",pc,35114.233,167138.825,570.250
"1883",pc,35111.236,167135.756,570.572
"1884",pc,35137.660,167143.733,569.619
"1885",pc,35131.439,167143.246,569.696
"1886",pc,35124.418,167141.474,569.745
"1887",pc,35119.134,167138.450,569.896
"1888",pc,35109.541,167132.367,570.946
"1889",pc,35108.186,167121.801,571.032
"1890",pc,35109.089,167117.699,570.612
"1891",pc,35113.712,167112.694,569.820
"1892",pc,35115.450,167118.325,569.814
"1893",pc,35116.632,167123.608,569.795
"1894",pc,35120.142,167130.560,569.410
"1895",pc,35124.001,167130.768,568.969
"1896",pc,35123.583,167121.940,568.749
"1897",pc,35122.680,167113.633,568.652
"1898",pc,35125.043,167112.590,568.202
"1899",pc,35128.623,167116.274,567.837
"1900",pc,35130.153,167127.014,568.215
"1901",pc,35134.145,167132.495,568.317
"1902",pc,35132.199,167137.049,568.964
"1903",pc,35125.595,167133.816,568.986
"1904",pc,35118.469,167131.974,569.703
"1905",pc,35125.410,167116.835,568.323
"1906",pc,35133.485,167122.015,567.553
"1907",pc,35137.308,167130.427,567.618
"1908",pc,35137.214,167121.761,566.979
"1909",pc,35136.392,167114.809,566.603
"1910",pc,35135.818,167109.558,566.466
"1911",pc,35135.353,167105.510,566.093
"1912",pc,35130.332,167121.446,567.826
"1913",pc,35117.182,167114.333,569.499
"1914",pc,35114.631,167124.510,570.015
"1915",pc,35141.811,167140.412,568.819
"1916",pc,35141.811,167136.728,568.347
"1917",pc,35141.359,167130.923,567.533
"1918",pc,35141.950,167125.501,567.001
"1919",pc,35142.575,167120.600,566.531
"1920",pc,35143.062,167116.672,566.249
"1921",pc,35140.872,167112.884,566.142
"1922",pc,35140.003,167108.226,565.821
"1923",pc,35140.111,167105.202,565.544
"1924",pc,35139.982,167100.167,564.984
"1925",pc,35137.917,167095.045,564.702
"1926",pc,35138.476,167090.849,564.223
"1927",pc,35138.003,167088.654,564.119
"1928",pc,35137.357,167086.503,564.017
"1929",pc,35137.377,167084.899,564.050
"1930",pc,35137.203,167082.987,563.949
"1931",pc,35135.917,167082.674,564.014
"1932",pc,35134.040,167083.265,564.176
"1933",pc,35134.318,167088.514,564.363
"1934",pc,35134.762,167091.177,564.518
"1935",pc,35135.203,167097.221,565.180
"1936",pc,35135.558,167102.402,565.752
"1937",pc,35130.744,167114.848,567.467
"1938",pc,35130.490,167112.021,567.368
"1939",pc,35130.115,167130.661,568.448
"1940",pc,35126.011,167137.816,569.171
"1941",pc,35131.126,167141.153,569.515
"1942",pc,35134.776,167110.125,566.643
"1943",pc,35130.645,167110.039,567.244
"1944",pc,35127.202,167110.018,567.767
"1945",pc,35122.662,167110.082,568.548
"1946",pc,35118.573,167110.125,569.227
"1947",pc,35115.152,167110.061,569.621
"1948",pc,35111.257,167109.931,569.844
"1949",pc,35108.159,167110.319,570.500
"1950",pc,35109.299,167111.481,570.227
"1951",pc,35109.407,167115.569,570.577
"1952",pc,35108.883,167104.047,569.669
"1953",pc,35112.799,167104.542,569.549
"1954",pc,35113.143,167107.855,569.649
"1955",pc,35118.049,167107.188,569.232
"1956",pc,35123.257,167107.124,568.446
"1957",pc,35126.936,167106.844,567.766
"1958",pc,35130.100,167107.059,567.209
"1959",pc,35133.586,167107.038,566.607
"1960",pc,35133.801,167102.110,566.098
"1961",pc,35130.788,167102.175,566.762
"1962",pc,35125.688,167102.175,567.809
"1963",pc,35119.878,167102.239,568.760
"1964",pc,35117.275,167102.325,569.076
"1965",pc,35112.175,167102.584,569.521
"1966",pc,35106.660,167095.000,569.034
"1967",pc,35111.666,167096.216,569.133
"1968",pc,35117.331,167097.885,568.910
"1969",pc,35120.772,167098.302,568.434
"1970",pc,35123.900,167102.960,568.159
"1971",pc,35130.400,167097.711,566.474
"1972",pc,35132.659,167094.583,565.546
"1973",pc,35125.186,167096.599,567.471
"1974",pc,35112.324,167124.972,570.213
"1975",pc,35112.359,167118.438,570.045
"1976",pc,35120.110,167123.269,569.317
"1977",pc,35120.858,167135.380,569.438
"1978",pc,35130.817,167084.219,564.789
"1979",pc,35128.536,167083.036,565.279
"1980",pc,35123.522,167082.692,566.613
"1981",pc,35123.256,167079.692,565.880
"1982",pc,35119.548,167079.946,566.132
"1983",pc,35116.145,167080.961,566.791
"1984",pc,35113.640,167081.385,566.863
"1985",pc,35111.032,167082.519,567.575
"1986",pc,35108.019,167083.179,567.765
"1987",pc,35107.053,167084.229,568.173
"1988",pc,35106.166,167087.463,568.630
"1989",pc,35102.556,167089.788,568.714
"1990",pc,35102.365,167085.850,568.513
"1991",pc,35104.717,167084.018,568.010
"1992",pc,35106.631,167093.425,568.890
"1993",pc,35109.229,167094.547,569.094
"1994",pc,35112.620,167094.164,568.889
"1995",pc,35117.379,167093.918,568.542
"1996",pc,35120.442,167092.167,567.938
"1997",pc,35124.298,167092.277,567.154
"1998",pc,35132.102,167088.143,564.803
"1999",pc,35131.928,167086.718,564.701
"2000",pc,35127.132,167087.239,565.940
"2001",pc,35125.377,167088.274,566.567
"2002",pc,35120.399,167088.190,567.534
"2003",pc,35116.241,167089.528,568.102
"2004",pc,35113.164,167089.097,568.374
"2005",pc,35112.239,167086.429,568.335
"2006",pc,35107.720,167088.495,568.699
"2007",pc,35111.098,167085.375,568.331
"2008",pc,35114.498,167085.418,568.055
"2009",pc,35117.618,167083.825,567.626
"2010",pc,35122.137,167083.782,567.082
"2011",pc,35128.737,167088.114,565.620
"2012",pc,35130.738,167093.322,565.840
"2013",pc,35132.768,167096.590,565.711
"2014",pc,35126.237,167126.315,568.518
"2015",pc,35118.727,167119.379,569.429
"2016",pc,35120.241,167127.107,569.382
"2017",pc,35186.176,167066.655,565.768
"2018",pc,35187.148,167072.663,565.815
"2019",pc,35188.164,167079.466,566.505
"2020",pc,35188.650,167086.534,567.036
"2021",pc,35188.209,167090.642,567.030
"2022",pc,35188.871,167097.666,567.241
"2023",pc,35189.313,167104.557,567.776
"2024",pc,35189.666,167111.404,567.963
"2025",pc,35190.241,167119.091,568.467
"2026",pc,35190.947,167127.263,569.181
"2027",pc,35194.172,167126.645,570.542
"2028",pc,35195.409,167119.444,569.985
"2029",pc,35195.277,167113.834,569.739
"2030",pc,35195.903,167105.036,569.479
"2031",pc,35196.423,167100.304,569.521
"2032",pc,35195.903,167090.705,569.191
"2033",pc,35195.493,167083.622,568.969
"2034",pc,35195.220,167076.375,568.595
"2035",pc,35194.131,167063.410,567.485
"2036",pc,35192.185,167059.517,566.732
"2037",pc,35148.483,167141.597,569.058
"2038",pc,35146.069,167136.993,568.182
"2039",pc,35145.788,167126.270,566.843
"2040",pc,35147.865,167113.918,565.740
"2041",pc,35146.462,167109.483,565.418
"2042",pc,35146.293,167099.489,564.545
"2043",pc,35147.896,167093.797,563.963
"2044",pc,35148.107,167089.325,563.690
"2045",pc,35148.021,167085.279,563.534
"2046",pc,35145.375,167083.558,563.578
"2047",pc,35139.039,167081.113,563.886
"2048",pc,35145.193,167077.448,563.604
"2049",pc,35149.979,167079.035,563.498
"2050",pc,35156.378,167076.054,563.562
"2051",pc,35162.504,167074.686,563.707
"2052",pc,35168.521,167073.155,563.938
"2053",pc,35169.259,167074.003,563.999
"2054",pc,35167.153,167075.643,563.783
"2055",pc,35165.833,167080.541,563.671
"2056",pc,35159.535,167080.226,563.500
"2057",pc,35158.562,167086.552,563.529
"2058",pc,35190.363,167128.974,569.208
"2059",pc,35190.007,167130.998,569.485
"2060",pc,35188.147,167132.940,569.459
"2061",pc,35184.565,167136.276,569.506
"2062",pc,35179.834,167139.257,569.842
"2063",pc,35173.708,167142.129,569.971
"2064",pc,35168.840,167143.797,569.985
"2065",pc,35165.749,167144.645,570.068
"2066",pc,35160.854,167145.848,570.411
"2067",pc,35156.998,167145.903,570.379
"2068",pc,35155.384,167143.934,569.907
"2069",pc,35155.630,167140.652,569.336
"2070",pc,35156.724,167139.230,569.210
"2071",pc,35159.596,167138.409,569.221
"2072",pc,35161.401,167137.890,569.174
"2073",pc,35163.370,167138.601,569.171
"2074",pc,35163.999,167140.378,569.057
"2075",pc,35165.011,167143.414,569.671
"2076",pc,35166.871,167140.433,568.888
"2077",pc,35165.941,167137.343,568.190
"2078",pc,35165.777,167135.756,567.928
"2079",pc,35169.660,167134.663,567.907
"2080",pc,35170.344,167137.288,568.445
"2081",pc,35169.715,167138.601,568.694
"2082",pc,35174.090,167138.245,568.751
"2083",pc,35177.673,167138.054,568.964
"2084",pc,35169.523,167141.089,569.274
"2085",pc,35180.900,167135.510,568.599
"2086",pc,35153.425,167143.366,569.612
"2087",pc,35151.270,167140.029,568.688
"2088",pc,35152.000,167135.754,567.906
"2089",pc,35149.947,167130.206,567.047
"2090",pc,35154.870,167129.578,566.889
"2091",pc,35160.436,167129.136,566.837
"2092",pc,35168.167,167129.710,567.144
"2093",pc,35182.568,167129.092,568.245
"2094",pc,35185.881,167126.132,568.374
"2095",pc,35186.102,167119.815,567.951
"2096",pc,35183.452,167118.401,567.476
"2097",pc,35176.074,167121.891,566.951
"2098",pc,35169.802,167122.907,566.566
"2099",pc,35163.484,167122.951,566.372
"2100",pc,35155.400,167125.425,566.478
"2101",pc,35180.046,167127.871,567.802
"2102",pc,35174.172,167130.791,567.560
"2103",pc,35175.528,167134.406,568.091
"2104",pc,35182.321,167132.317,568.407
"2105",pc,35183.487,167112.332,567.160
"2106",pc,35183.177,167110.123,566.999
"2107",pc,35183.487,167106.368,566.755
"2108",pc,35182.559,167102.746,566.378
"2109",pc,35181.764,167099.698,566.135
"2110",pc,35181.852,167096.517,565.931
"2111",pc,35181.145,167093.557,565.664
"2112",pc,35179.813,167089.434,565.382
"2113",pc,35178.864,167084.449,564.890
"2114",pc,35181.405,167078.887,565.074
"2115",pc,35181.405,167075.168,564.981
"2116",pc,35183.977,167069.086,565.307
"2117",pc,35181.718,167070.893,565.073
"2118",pc,35184.290,167073.952,565.142
"2119",pc,35177.686,167070.337,564.852
"2120",pc,35172.785,167069.955,564.395
"2121",pc,35172.229,167073.222,564.208
"2122",pc,35182.552,167069.016,565.304
"2123",pc,35178.516,167075.788,564.730
"2124",pc,35175.371,167080.191,564.390
"2125",pc,35171.624,167080.683,564.096
"2126",pc,35162.325,167083.090,563.571
"2127",pc,35169.080,167083.117,563.969
"2128",pc,35158.450,167083.722,563.529
"2129",pc,35152.688,167084.733,563.495
"2130",pc,35152.079,167081.550,563.421
"2131",pc,35155.879,167078.295,563.480
"2132",pc,35156.207,167082.725,563.477
"2133",pc,35142.289,167083.907,563.686
"2134",pc,35141.551,167085.876,563.679
"2135",pc,35140.512,167088.283,563.877
"2136",pc,35143.438,167090.170,563.795
"2137",pc,35140.019,167084.673,563.789
"2138",pc,35150.877,167092.221,563.794
"2139",pc,35151.752,167096.733,564.224
"2140",pc,35151.013,167100.507,564.443
"2141",pc,35151.560,167104.445,564.856
"2142",pc,35143.993,167100.049,564.677
"2143",pc,35143.860,167105.041,565.163
"2144",pc,35143.286,167109.591,565.610
"2145",pc,35144.876,167112.595,565.773
"2146",pc,35149.780,167118.250,566.020
"2147",pc,35150.443,167126.422,566.589
"2148",pc,35158.615,167132.607,567.391
"2149",pc,35153.932,167132.607,567.446
"2150",pc,35177.759,167123.770,567.234
"2151",pc,35167.920,167117.502,566.083
"2152",pc,35166.575,167109.528,565.531
"2153",pc,35165.880,167104.140,565.036
"2154",pc,35165.255,167097.675,564.495
"2155",pc,35164.803,167091.350,564.075
"2156",pc,35165.533,167086.483,563.739
"2157",pc,35176.046,167118.248,566.647
"2158",pc,35175.649,167113.521,566.265
"2159",pc,35174.456,167108.971,565.892
"2160",pc,35173.396,167103.626,565.416
"2161",pc,35172.600,167097.265,564.959
"2162",pc,35170.524,167091.654,564.431
"2163",pc,35176.355,167095.453,565.222
"2164",pc,35179.668,167104.995,566.152
"2165",pc,35179.668,167109.766,566.433
"2166",pc,35162.749,167113.521,565.698
"2167",pc,35151.485,167108.043,565.163
"2168",pc,35162.175,167108.397,565.240
"2169",pc,35161.822,167102.698,564.797
"2170",pc,35158.243,167099.120,564.413
"2171",pc,35156.190,167113.470,565.628
"2172",pc,35160.740,167123.012,566.394
"2173",pc,35152.877,167121.013,566.201
"2174",pc,35160.263,167119.567,566.102
"2175",pc,35172.319,167114.973,566.086
"2176",pc,35180.862,167116.536,567.006
"2177",pc,35180.681,167120.722,567.321
"2178",pc,35185.744,167111.473,567.361
"2179",pc,35184.452,167103.332,566.684
"2180",pc,35183.219,167089.390,565.922
"2181",pc,35182.982,167082.138,565.448
"2182",pc,35173.598,167086.111,564.380
"2183",pc,35171.261,167086.420,564.211
"2184",pc,35168.007,167089.155,564.110
"2185",pc,35169.784,167094.871,564.658
"2186",pc,35157.489,167094.004,563.967
"2187",pc,35155.751,167089.555,563.602
"2188",pc,35148.989,167091.627,563.747
"2189",pc,35161.713,167095.945,564.264
"2190",pc,35153.501,167102.490,564.604
"2191",pc,35173.006,167111.835,566.026
"2192",pc,35166.403,167121.046,566.317
"2193",pc,35156.476,167121.332,566.240
"2194",pc,35185.847,167117.464,567.714
"2195",pc,35148.487,167106.662,565.151
"2196",pc,35169.572,167106.487,565.364
"2197",pc,35171.278,167127.413,566.959
"2198",tmuro,35131.325,167008.539,558.504
"2199",tmuro,35128.197,167009.426,558.865
"2200",tmuro,35121.230,167011.516,559.173
"2201",tmuro,35119.158,167011.753,559.207
"2202",tmuro,35118.573,167009.109,558.907
"2203",tmuro,35117.236,167002.983,558.722
"2204",tmuro,35116.648,166997.980,558.458
"2205",tmuro,35115.098,166992.041,558.232
"2206",tmuro,35110.813,166993.628,558.548
"2207",tmuro,35106.431,166995.066,558.781
"2208",tmuro,35102.683,166996.286,559.134
"2209",tmuro,35096.563,166998.077,559.832
"2210",tmuro,35092.016,166999.418,560.071
"2211",tmuro,35086.871,167000.848,560.218
"2212",tmuro,35083.264,167001.731,560.316
"2213",bmuro,35131.076,167007.063,556.918
"2214",bmuro,35127.138,167008.235,557.324
"2215",bmuro,35122.411,167009.391,557.650
"2216",bmuro,35120.227,167010.052,558.006
"2217",bmuro,35119.955,167006.867,557.614
"2218",bmuro,35118.845,167001.830,557.552
"2219",bmuro,35117.402,166995.524,557.306
"2220",bmuro,35117.144,166992.820,557.310
"2221",bmuro,35116.896,166990.399,556.665
"2222",bmuro,35115.435,166989.928,556.539
"2223",bmuro,35114.066,166990.415,556.599
"2224",bmuro,35111.790,166991.702,556.932
"2225",bmuro,35107.742,166993.214,557.389
"2226",bmuro,35104.193,166994.401,557.703
"2227",bmuro,35101.322,166995.278,558.077
"2228",bmuro,35098.838,166995.990,558.208
"2229",bmuro,35094.469,166997.605,558.916
"2230",bmuro,35090.625,166998.975,559.364
"2231",bmuro,35088.255,166999.595,559.399
"2232",bmuro,35085.511,166999.677,559.204
"2233",bmuro,35083.022,167000.510,559.276
"2234",tmuro,35075.950,167004.274,560.764
"2235",tmuro,35073.433,167005.618,561.027
"2236",tmuro,35068.539,167007.640,561.319
"2237",tmuro,35064.077,167009.762,561.571
"2238",tmuro,35060.792,167010.947,561.786
"2239",tmuro,35057.197,167012.767,562.097
"2240",tmuro,35051.188,167015.661,562.434
"2241",tmuro,35044.130,167019.490,562.696
"2242",tmuro,35039.397,167022.067,562.704
"2243",tmuro,35034.575,167024.874,562.686
"2244",tmuro,35029.578,167027.585,563.044
"2245",tmuro,35022.735,167031.475,562.939
"2246",tmuro,35015.193,167035.502,562.999
"2247",tmuro,35008.006,167039.086,562.995
"2248",tmuro,35002.321,167041.612,562.958
"2249",tmuro,34994.787,167045.248,562.840
"2250",tmuro,34988.471,167048.306,562.990
"2251",tmuro,34983.239,167051.375,562.968
"2252",tmuro,34979.207,167053.996,562.787
"2253",tmuro,34973.747,167057.406,562.426
"2254",tmuro,34967.214,167061.250,561.808
"2255",tmuro,34962.538,167064.316,561.469
"2256",tmuro,34958.507,167067.018,561.293
"2257",tmuro,34955.575,167069.661,561.082
"2258",tmuro,34951.808,167072.823,560.736
"2259",tmuro,34947.060,167077.324,560.538
"2260",tmuro,34942.140,167082.612,560.040
"2261",tmuro,34937.103,167088.941,559.318
"2262",tmuro,34931.547,167096.139,559.114
"2263",tmuro,34924.081,167105.504,558.181
"2264",tmuro,34919.632,167111.558,557.990
"2265",tmuro,34915.796,167116.135,557.795
"2266",tmuro,34910.138,167123.329,557.566
"2267",tmuro,34902.742,167131.563,557.035
"2268",tmuro,34896.063,167138.954,556.496
"2269",tmuro,34889.546,167146.286,556.258
"2270",tmuro,34883.228,167153.065,555.853
"2271",tmuro,34878.649,167159.265,555.591
"2272",tmuro,34876.020,167164.102,555.406
"2273",tmuro,34873.204,167171.575,555.117
"2274",tmuro,34871.113,167176.803,554.944
"2275",tmuro,34868.242,167186.578,554.547
"2276",tmuro,34864.103,167197.584,554.651
"2277",tmuro,34860.974,167205.369,554.655
"2278",tmuro,34858.408,167212.527,554.881
"2279",tmuro,34856.604,167218.444,555.188
"2280",tmuro,34853.033,167230.161,555.853
"2281",tmuro,34850.052,167239.836,556.567
"2282",tmuro,34847.494,167248.959,557.114
"2283",tmuro,34845.257,167256.827,557.241
"2284",tmuro,34843.498,167265.698,557.015
"2285",tmuro,34842.327,167275.214,556.607
"2286",tmuro,34841.832,167281.499,556.359
"2287",tmuro,34840.638,167292.189,556.037
"2288",tmuro,34840.639,167296.736,555.756
"2289",tmuro,34839.394,167301.936,554.876
"2290",bmuro,34838.341,167302.078,554.359
"2291",bmuro,34839.048,167296.559,554.410
"2292",bmuro,34839.900,167292.138,554.770
"2293",bmuro,34840.624,167284.271,555.137
"2294",bmuro,34841.024,167274.559,555.232
"2295",bmuro,34842.859,167262.209,556.602
"2296",bmuro,34844.561,167254.556,556.641
"2297",bmuro,34846.759,167246.821,556.270
"2298",bmuro,34848.556,167240.102,555.797
"2299",bmuro,34850.694,167233.568,555.269
"2300",bmuro,34852.923,167225.043,554.538
"2301",bmuro,34854.873,167219.113,554.240
"2302",bmuro,34855.981,167215.336,553.910
"2303",bmuro,34860.353,167203.500,553.523
"2304",bmuro,34862.630,167197.635,553.766
"2305",bmuro,34865.052,167190.731,553.437
"2306",bmuro,34867.582,167184.173,553.486
"2307",bmuro,34871.589,167172.987,553.490
"2308",bmuro,34873.257,167167.726,553.549
"2309",bmuro,34876.262,167161.223,553.676
"2310",bmuro,34879.159,167156.600,553.891
"2311",bmuro,34882.848,167152.062,554.224
"2312",bmuro,34887.913,167146.661,554.638
"2313",bmuro,34893.400,167140.406,554.843
"2314",bmuro,34896.386,167136.795,555.088
"2315",bmuro,34899.301,167133.760,555.244
"2316",bmuro,34900.729,167132.032,555.514
"2317",bmuro,34904.143,167127.985,555.870
"2318",bmuro,34907.205,167124.526,555.950
"2319",bmuro,34910.323,167120.918,556.019
"2320",bmuro,34917.627,167112.103,556.625
"2321",bmuro,34920.875,167107.871,556.894
"2322",bmuro,34925.990,167101.494,557.057
"2323",bmuro,34932.065,167093.961,557.525
"2324",bmuro,34935.116,167090.460,557.875
"2325",bmuro,34938.766,167085.243,558.256
"2326",bmuro,34940.794,167082.826,558.385
"2327",bmuro,34944.469,167078.614,558.778
"2328",bmuro,34947.184,167075.573,559.064
"2329",bmuro,34951.593,167071.210,559.526
"2330",bmuro,34955.936,167067.539,559.601
"2331",bmuro,34959.282,167065.243,559.920
"2332",bmuro,34961.058,167064.177,560.258
"2333",bmuro,34962.784,167063.262,560.295
"2334",bmuro,34965.600,167061.501,560.522
"2335",bmuro,34967.533,167060.301,560.670
"2336",bmuro,34969.857,167059.156,560.863
"2337",bmuro,34973.971,167056.341,561.180
"2338",bmuro,34977.903,167053.841,561.389
"2339",bmuro,34981.210,167051.793,561.700
"2340",bmuro,34985.843,167049.042,561.935
"2341",bmuro,34989.497,167047.124,562.056
"2342",bmuro,34997.768,167042.854,562.323
"2343",bmuro,35002.119,167040.772,562.232
"2344",bmuro,35009.119,167037.303,562.248
"2345",bmuro,35014.519,167034.603,562.247
"2346",bmuro,35021.337,167030.799,561.909
"2347",bmuro,35027.435,167027.519,561.977
"2348",bmuro,35033.783,167024.036,561.813
"2349",bmuro,35041.032,167020.040,561.556
"2350",bmuro,35048.590,167016.117,561.421
"2351",bmuro,35054.604,167013.171,561.028
"2352",bmuro,35062.493,167009.343,560.548
"2353",bmuro,35068.275,167006.657,560.224
"2354",bmuro,35071.722,167004.926,560.049
"2355",bmuro,35075.757,167003.257,559.944
"2356",tmuro,35154.577,167140.866,569.431
"2357",tmuro,35154.051,167137.979,569.374
"2358",tmuro,35157.187,167137.104,569.295
"2359",tmuro,35157.429,167138.149,569.242
"2360",tmuro,35159.331,167137.640,569.254
"2361",tmuro,35159.155,167136.778,569.316
"2362",tmuro,35163.245,167136.208,569.298
"2363",tmuro,35164.772,167140.257,569.208
"2364",bmuro,35165.606,167140.108,568.777
"2365",bmuro,35164.859,167137.915,568.250
"2366",bmuro,35163.884,167135.100,567.806
"2367",bmuro,35160.972,167135.558,567.736
"2368",bmuro,35155.984,167136.587,568.158
"2369",bmuro,35153.355,167137.162,568.108
"2370",bmuro,35153.881,167141.104,569.330
"2371",const,35156.585,167139.961,569.339
"2372",const,35162.100,167138.855,569.287
"2373",const,35162.992,167141.899,569.415
"2374",const,35163.503,167143.698,569.828
"2375",const,35163.678,167144.542,570.207
"2376",const,35157.906,167146.029,570.508
"2377",const,35157.192,167142.711,569.799
"2378",ttalude,35183.673,167065.639,565.510
"2379",ttalude,35180.160,167066.201,565.264
"2380",ttalude,35177.102,167067.448,564.936
"2381",ttalude,35171.601,167069.371,564.149
"2382",ttalude,35168.799,167070.473,564.152
"2383",ttalude,35165.493,167071.196,563.861
"2384",ttalude,35163.372,167071.080,563.555
"2385",btal,35164.398,167069.533,562.325
"2386",btal,35169.223,167067.991,562.827
"2387",btal,35174.549,167066.628,563.515
"2388",btal,35178.081,167065.720,564.070
"2389",btal,35180.778,167065.080,564.567
"2390",btal,35182.698,167064.836,565.094
"2391",btal,35183.915,167065.099,565.391
"2392",tmuro,35162.790,167071.285,563.603
"2393",tmuro,35157.725,167072.759,563.406
"2394",tmuro,35152.393,167074.281,563.380
"2395",tmuro,35146.616,167075.895,563.448
"2396",tmuro,35140.290,167077.478,563.775
"2397",tmuro,35133.189,167078.634,564.184
"2398",tmuro,35129.473,167078.987,564.752
"2399",tmuro,35126.354,167079.282,565.283
"2400",bmuro,35125.493,167078.355,564.551
"2401",bmuro,35127.426,167078.371,564.182
"2402",bmuro,35132.176,167077.880,563.105
"2403",bmuro,35137.177,167077.153,562.562
"2404",bmuro,35142.850,167075.793,562.307
"2405",bmuro,35147.880,167074.641,562.200
"2406",bmuro,35155.487,167072.774,562.362
"2407",bmuro,35159.586,167071.651,562.313
"2408",bmuro,35161.981,167070.870,562.298
"2409",bmuro,35163.764,167070.126,562.464
"2410",ttalude,35125.494,167079.732,565.788
"2411",ttalude,35118.828,167081.199,567.094
"2412",ttalude,35114.985,167082.237,567.518
"2413",ttalude,35109.715,167083.800,568.186
"2414",ttalude,35105.980,167084.820,568.441
"2415",ttalude,35102.101,167086.123,568.613
"2416",btal,35102.003,167084.602,568.047
"2417",btal,35105.564,167082.975,567.743
"2418",btal,35111.958,167081.379,566.908
"2419",btal,35118.929,167079.219,565.615
"2420",btal,35122.566,167078.287,564.769
"2421",btal,35124.254,167078.568,564.747
"2422",pc,35111.895,167074.942,566.450
"2423",pc,35109.785,167065.937,565.692
"2424",pc,35107.692,167056.130,564.555
"2425",pc,35104.937,167044.357,563.117
"2426",pc,35102.169,167034.049,561.720
"2427",pc,35098.797,167019.802,560.644
"2428",pc,35093.578,167005.039,560.020
